DATE,MeanSalePrice,SalesCount,TotalTransactionValue,HomeValueIndex,HomeValueIndexSmSa,MarketTempIdx,DaysToClose,DaysOnZillow,ListingPriceCutAmt,ListingPriceCutPct,SaleToList,NewConstructMeanSalePrice,NewConstructSalesCount,PctListingsPriceCut,PctSoldAboveList,PctSoldBelowList,MORTGAGE15US,MORTGAGE30US,RATE_DIFFERENCE,NUM_JOBS,GROWTH_PCT,CityName
2008-04-30,149771.0,2151.0,291536100.0,131097.9695533933,133638.66626641402,,,,,,,,,,,,5.465,5.918,0.452,956.7,0.2,"INDIANAPOLIS, IN"
2008-05-31,151827.0,2430.0,331352084.0,132148.04567036484,133520.37981513588,,,,,,,,,,,,5.6,6.036,0.436,958.9,0.5,"INDIANAPOLIS, IN"
2008-06-30,154789.0,2438.0,362561539.0,132930.78230576302,133559.34319259794,,,,,,,,,,,,5.91,6.32,0.41,958.2,0.3,"INDIANAPOLIS, IN"
2008-07-31,157222.0,2457.0,383886935.0,133222.59710151685,133449.28541284314,,,,,,,,,,,,5.972,6.426,0.454,961.2,1.5,"INDIANAPOLIS, IN"
2008-08-31,154119.0,2309.0,370365976.0,133037.4833974678,133164.0699949772,,,,,,,,,,,,6.025,6.478,0.452,959.9,0.3,"INDIANAPOLIS, IN"
2008-09-30,151436.0,2183.0,351219706.0,132490.54096067417,132627.7393801319,,,,,,,,,,,,5.64,6.037,0.397,955.2,-1.0,"INDIANAPOLIS, IN"
2008-10-31,147179.0,1852.0,311521468.0,132018.52968719954,132178.958918009,,,,,,,,,,,,5.892,6.2,0.308,952.0,-3.1,"INDIANAPOLIS, IN"
2008-11-30,142910.0,1481.0,264281992.0,131028.36536793689,131649.53145692078,,,,,,,,,,,,5.79,6.088,0.297,946.1,-4.6,"INDIANAPOLIS, IN"
2008-12-31,140789.0,1654.0,234623077.0,129153.10252976276,130993.71142555756,,,,,,,,,,,,5.038,5.286,0.248,939.0,-5.4,"INDIANAPOLIS, IN"
2009-01-31,136915.0,1163.0,196819979.0,128186.39623229686,130370.4411818811,,,,,,,,,,,,4.718,5.047,0.33,933.8,-6.1,"INDIANAPOLIS, IN"
2009-02-28,133182.0,1301.0,183836810.0,126772.38431947277,129837.36438636872,,,,,,,,,,,,4.772,5.13,0.358,929.4,-5.6,"INDIANAPOLIS, IN"
2009-03-31,129255.0,1761.0,181983434.0,126383.8995610976,129600.233024445,,,,,,,,,,,,4.638,5.003,0.365,922.4,-5.5,"INDIANAPOLIS, IN"
2009-04-30,127609.0,1861.0,209950155.0,126880.0351934384,129494.6122747897,,,,,,,,,,,,4.5,4.81,0.31,913.8,-6.7,"INDIANAPOLIS, IN"
2009-05-31,135614.0,2108.0,260245036.0,127910.3589681522,129586.53254959465,,,,,,,,,,,,4.515,4.857,0.343,911.0,-6.1,"INDIANAPOLIS, IN"
2009-06-30,141726.0,2502.0,307685625.0,128563.3222004704,129762.35144437684,,,,,,,,,,,,4.902,5.42,0.518,908.7,-4.6,"INDIANAPOLIS, IN"
2009-07-31,150157.0,2497.0,355965291.0,129177.9982144948,129866.65446606524,,,,,,,,,,,,4.692,5.222,0.53,906.5,-2.4,"INDIANAPOLIS, IN"
2009-08-31,150116.0,2358.0,368224303.0,129283.06371872305,129890.47609491824,,,,,,,,,,,,4.612,5.192,0.58,906.9,-1.4,"INDIANAPOLIS, IN"
2009-09-30,147386.0,2202.0,347362711.0,129419.33850901722,129908.5699581956,,,,,,,,,,,,4.492,5.058,0.565,906.6,-0.7,"INDIANAPOLIS, IN"
2009-10-31,143727.0,2331.0,330327446.0,128954.13624985072,129831.45957350243,,,,,,,,,,,,4.39,4.952,0.562,904.3,-0.7,"INDIANAPOLIS, IN"
2009-11-30,140390.0,2036.0,307633403.0,129096.94069372745,129879.34817163064,,,,,,,,,,,,4.343,4.875,0.532,907.3,0.1,"INDIANAPOLIS, IN"
2009-12-31,139294.0,1888.0,290880631.0,128857.30715831857,130036.55286628607,,,,,,,,,,,,4.392,4.93,0.538,905.9,-0.2,"INDIANAPOLIS, IN"
2010-01-31,137365.0,1122.0,231189683.0,127808.16808430848,130179.33735823144,,,,,,,,,,,,4.435,5.03,0.595,909.0,1.6,"INDIANAPOLIS, IN"
2010-02-28,137666.0,1408.0,202699255.0,127812.39399018594,130472.0186118491,,,,,,,,,,,,4.367,4.99,0.622,907.0,-0.1,"INDIANAPOLIS, IN"
2010-03-31,141072.0,1957.0,212516103.0,127999.97435411737,130739.80808253532,,,,,,,,,,,,4.33,4.968,0.637,908.4,0.8,"INDIANAPOLIS, IN"
2010-04-30,143819.0,2345.0,274789210.0,128447.53899282386,131133.6648300038,,,,,,,,,,,,4.418,5.098,0.68,913.2,1.4,"INDIANAPOLIS, IN"
2010-05-31,147936.0,2636.0,342550578.0,129406.56208067076,131270.90521687435,,,,,,,,,,,,4.277,4.888,0.61,915.0,2.7,"INDIANAPOLIS, IN"
2010-06-30,151462.0,2491.0,377542083.0,130121.10522426602,131322.91072224185,,,,,,,,,,,,4.175,4.737,0.562,913.9,1.8,"INDIANAPOLIS, IN"
2010-07-31,156364.0,1736.0,356577867.0,129576.17108004387,131004.08392346885,,,,,,,,,,,,4.04,4.564,0.524,914.0,0.3,"INDIANAPOLIS, IN"
2010-08-31,157630.0,1977.0,325828262.0,128951.08582982632,130440.4217560842,,,,,,,,,,,,3.908,4.428,0.52,914.2,-0.3,"INDIANAPOLIS, IN"
2010-09-30,154471.0,1782.0,282901240.0,127514.19903368333,129389.47416620488,,,,,,,,,,,,3.81,4.346,0.536,907.5,-2.1,"INDIANAPOLIS, IN"
2010-10-31,150887.0,1649.0,272355399.0,126620.36931327288,128475.09813035556,,,,,,,,,,,,3.66,4.225,0.565,916.3,0.8,"INDIANAPOLIS, IN"
2010-11-30,147603.0,1468.0,241205091.0,125653.91828509013,127549.51948388256,,,,,,,,,,,,3.683,4.3,0.618,916.0,0.6,"INDIANAPOLIS, IN"
2010-12-31,146962.0,1712.0,236647455.0,124689.23437786044,126965.49400034208,,,,,,,,,,,,4.058,4.714,0.656,917.4,3.3,"INDIANAPOLIS, IN"
2011-01-31,143076.0,1222.0,210669359.0,123540.0100259984,126440.56108043651,,,,,,,,,,,,4.088,4.755,0.667,919.9,1.2,"INDIANAPOLIS, IN"
2011-02-28,140497.0,1220.0,195509633.0,122323.20936234824,125985.53668522422,,,,,,,,,,,,4.215,4.952,0.738,920.2,1.4,"INDIANAPOLIS, IN"
2011-03-31,138785.0,1804.0,196911069.0,122069.77554023216,125580.96498878195,,,,,,,,,,,,4.08,4.836,0.756,922.6,1.7,"INDIANAPOLIS, IN"
2011-04-30,141829.0,1984.0,237872877.0,122159.58817336187,125221.78231887073,,,,,,,,,,,,4.055,4.84,0.785,925.4,1.8,"INDIANAPOLIS, IN"
2011-05-31,145952.0,2173.0,290539521.0,121977.82056628814,124681.79771023738,,,,,,,,,,,,3.822,4.638,0.815,926.4,2.1,"INDIANAPOLIS, IN"
2011-06-30,151120.0,2370.0,329442550.0,122276.77056992128,124079.54935913366,,,,,,,,,,,,3.694,4.51,0.816,923.8,0.4,"INDIANAPOLIS, IN"
2011-07-31,156608.0,2193.0,351691568.0,123134.12664310758,123681.17439069173,,,,,,,,,,,,3.68,4.545,0.865,933.7,2.8,"INDIANAPOLIS, IN"
2011-08-31,158638.0,2326.0,364060826.0,123567.35724782584,123731.63378907298,,,,,,,,,,,,3.46,4.27,0.81,931.4,1.7,"INDIANAPOLIS, IN"
2011-09-30,157161.0,1928.0,338115524.0,123688.41177741384,123966.91341861124,,,,,,,,,,,,3.318,4.106,0.788,934.3,3.5,"INDIANAPOLIS, IN"
2011-10-31,153684.0,1759.0,308405703.0,123189.99233038956,124033.80243357008,,,,,,,,,,,,3.348,4.067,0.72,937.2,1.2,"INDIANAPOLIS, IN"
2011-11-30,152383.0,1646.0,270892978.0,122215.83665512232,123785.14264146565,,,,,,,,,,,,3.305,3.993,0.688,937.2,1.9,"INDIANAPOLIS, IN"
2011-12-31,147089.0,1745.0,252361751.0,121341.6731873374,123403.52700271194,,,,,,,,,,,,3.246,3.958,0.712,942.8,2.8,"INDIANAPOLIS, IN"
2012-01-31,139622.0,1417.0,224379075.0,119989.2346768778,122885.5911222513,,,,,,,,,,,,3.2,3.915,0.715,945.9,2.9,"INDIANAPOLIS, IN"
2012-02-29,131682.0,1459.0,203309909.0,119953.95505572886,122784.01811400456,,,,,,,,,,,,3.163,3.89,0.728,,,"INDIANAPOLIS, IN"
2012-03-31,134584.0,1855.0,213698369.0,120724.78629860304,123015.12313472557,,,,,,,,,,,,3.198,3.954,0.756,952.1,3.1,"INDIANAPOLIS, IN"
2012-04-30,141575.0,2166.0,261361420.0,121581.45276835733,123607.57436644158,,,,,,,,,,,,3.143,3.91,0.767,951.3,1.8,"INDIANAPOLIS, IN"
2012-05-31,151590.0,2505.0,331188146.0,122848.7004366536,124140.7851817888,,,,,,,,,,,,3.034,3.798,0.764,952.6,-0.3,"INDIANAPOLIS, IN"
2012-06-30,158475.0,2773.0,394706264.0,124217.09992908264,124632.36989951554,,,,,,,,,,,,2.953,3.675,0.723,954.9,0.9,"INDIANAPOLIS, IN"
2012-07-31,161767.0,2505.0,420040717.0,125110.37961809216,125092.49579511184,,,,,,,,,,,,2.845,3.55,0.705,956.7,1.8,"INDIANAPOLIS, IN"
2012-08-31,161859.0,2669.0,428944144.0,125509.62346228932,125504.64598898566,,,,,,,,,,,,2.86,3.602,0.742,957.3,1.6,"INDIANAPOLIS, IN"
2012-09-30,156905.0,2172.0,384961448.0,125760.6082132576,125811.69838753116,,,,,,,,,,,,2.803,3.498,0.695,961.0,2.0,"INDIANAPOLIS, IN"
2012-10-31,155508.0,2259.0,368595692.0,125573.65304601792,126050.20336990993,,,,,,,,,,,,2.692,3.383,0.69,961.3,1.5,"INDIANAPOLIS, IN"
2012-11-30,153945.0,2006.0,330399762.0,124498.7437479469,125989.97322026217,,,,,,,,,,,,2.662,3.352,0.69,960.0,0.9,"INDIANAPOLIS, IN"
2012-12-31,152914.0,1922.0,315838752.0,123787.80733108232,125814.66926988812,,,,,,,,,,,,2.658,3.345,0.688,960.4,-0.2,"INDIANAPOLIS, IN"
2013-01-31,149387.0,1707.0,280945251.0,122993.52205293976,125589.33699954608,,,,,,,,,,,,2.696,3.414,0.718,963.9,0.9,"INDIANAPOLIS, IN"
2013-02-28,145395.0,1821.0,264182058.0,122531.63560834058,125625.66887534158,,,,,,,,,,,,2.768,3.533,0.765,968.3,2.8,"INDIANAPOLIS, IN"
2013-03-31,147757.0,2344.0,290520553.0,123010.71427989595,125811.5551022692,,,,,,,,,,,,2.757,3.565,0.807,968.6,2.7,"INDIANAPOLIS, IN"
2013-04-30,151723.0,2694.0,349347462.0,124068.79392313892,126198.100672504,,,,,,,,,,,,2.66,3.445,0.785,969.0,1.7,"INDIANAPOLIS, IN"
2013-05-31,159821.0,3331.0,447782613.0,125809.91940938584,126808.91977200126,,,,,,,,,,,,2.722,3.536,0.814,967.4,-0.3,"INDIANAPOLIS, IN"
2013-06-30,165691.0,3148.0,507792087.0,127737.98768069215,127638.24870665712,,,,,,,,,,,,3.167,4.07,0.902,970.2,0.5,"INDIANAPOLIS, IN"
2013-07-31,172391.0,3361.0,565489142.0,128786.85346731415,128436.00210957194,,,,,,,,,,,,3.43,4.37,0.94,973.6,1.5,"INDIANAPOLIS, IN"
2013-08-31,172661.0,3136.0,555528961.0,129741.20948367532,129225.4681582286,,,,,,,,,,,,3.488,4.456,0.968,977.9,3.5,"INDIANAPOLIS, IN"
2013-09-30,168266.0,2495.0,506999709.0,130355.3645295435,129887.8870170781,,,,,,,,,,,,3.522,4.49,0.968,980.6,3.5,"INDIANAPOLIS, IN"
2013-10-31,161975.0,2491.0,439614433.0,130367.3588452182,130517.58393842254,,,,,,,,,,,,3.274,4.192,0.918,982.8,3.1,"INDIANAPOLIS, IN"
2013-11-30,159961.0,2109.0,378170808.0,129634.93851368826,130821.0633310756,,,,,,,,,,,,3.297,4.255,0.958,989.9,4.0,"INDIANAPOLIS, IN"
2013-12-31,161623.0,2151.0,363467667.0,129362.95131786627,131046.83258640557,,,,,,,,,,,,3.482,4.457,0.975,988.3,2.6,"INDIANAPOLIS, IN"
2014-01-31,156042.0,2010.0,326684715.0,128650.9319552232,131243.7032632165,,,,,,,,,,,,3.48,4.432,0.952,983.6,0.3,"INDIANAPOLIS, IN"
2014-02-28,149828.0,1864.0,301950095.0,128606.91821760451,131702.6565334979,,,,,,,,,,,,3.35,4.303,0.953,984.1,-1.9,"INDIANAPOLIS, IN"
2014-03-31,144983.0,2500.0,308960385.0,129488.67390811036,132272.49048126416,,,,,,,,,,,,3.36,4.343,0.983,986.4,-0.6,"INDIANAPOLIS, IN"
2014-04-30,150209.0,2818.0,362123878.0,131282.05861640206,133144.20104657268,,,,,,,,,,,,3.393,4.338,0.945,990.3,2.2,"INDIANAPOLIS, IN"
2014-05-31,158869.0,3401.0,464531202.0,133276.3079605817,134133.17462612034,,,,,,,,,,,,3.29,4.192,0.902,992.5,2.8,"INDIANAPOLIS, IN"
2014-06-30,168319.0,3570.0,551711168.0,134792.53050246395,135041.22599221492,,,,,,,,,,,,3.265,4.162,0.897,992.8,2.1,"INDIANAPOLIS, IN"
2014-07-31,174065.0,3592.0,613213468.0,136502.92721087244,135899.90030647544,,,,,,,,,,,,3.236,4.13,0.894,993.8,1.2,"INDIANAPOLIS, IN"
2014-08-31,176839.0,3115.0,605803010.0,137083.36063455182,136573.21727987492,,,,,,,,,,,,3.248,4.115,0.867,995.0,0.8,"INDIANAPOLIS, IN"
2014-09-30,174135.0,2827.0,554027406.0,137177.3955420789,137127.77175181714,,,,,,,,,,,,3.308,4.162,0.855,995.8,1.0,"INDIANAPOLIS, IN"
2014-10-31,173416.0,2743.0,502353433.0,136759.83878277362,137339.8379348271,,,,,,,,,,,,3.21,4.036,0.826,997.7,1.3,"INDIANAPOLIS, IN"
2014-11-30,170997.0,2084.0,436586254.0,136257.99700189428,137454.90702791448,,,,,,,,,,,,3.188,3.998,0.81,1005.7,3.6,"INDIANAPOLIS, IN"
2014-12-31,169539.0,2375.0,407499465.0,135606.26111305846,137543.6123249023,,,,,,,,,,,,3.128,3.864,0.736,1006.4,3.5,"INDIANAPOLIS, IN"
2015-01-31,164853.0,1755.0,342145855.0,134956.71805891104,137765.37636352677,,,,,,,,,,,,2.985,3.67,0.685,1007.0,3.1,"INDIANAPOLIS, IN"
2015-02-28,159879.0,1863.0,320396156.0,134650.68738537392,138067.6368886908,,,,,,,,,,,,3.007,3.71,0.702,1007.8,0.7,"INDIANAPOLIS, IN"
2015-03-31,160896.0,2523.0,331137218.0,135297.12974929818,138498.53675877673,,,,,,,,,,,,3.04,3.77,0.73,1009.5,1.0,"INDIANAPOLIS, IN"
2015-04-30,166487.0,2931.0,410014059.0,136671.13273326302,139024.32723823885,,,,,,,,,,,,2.942,3.672,0.73,1012.4,1.8,"INDIANAPOLIS, IN"
2015-05-31,174978.0,3321.0,513308740.0,138388.7795885246,139638.28702005537,,,,,,,,,,,,3.062,3.84,0.778,1017.0,3.1,"INDIANAPOLIS, IN"
2015-06-30,181669.0,3900.0,616864173.0,139908.31708311095,140250.9219559822,,,,,,,,,,,,3.192,3.982,0.79,1018.2,2.9,"INDIANAPOLIS, IN"
2015-07-31,185645.0,3946.0,692160312.0,140979.95696091364,140767.32611985473,,,,,,,,,,,,3.214,4.046,0.832,1020.4,2.7,"INDIANAPOLIS, IN"
2015-08-31,185699.0,3385.0,696184989.0,141980.2254541756,141342.60994139817,,,,,,,,,,,,3.127,3.905,0.778,1023.0,2.0,"INDIANAPOLIS, IN"
2015-09-30,180345.0,3078.0,627964663.0,142012.88018521573,141826.3459838849,,,,,,,,,,,,3.095,3.89,0.795,1023.5,1.8,"INDIANAPOLIS, IN"
2015-10-31,172509.0,2976.0,543821828.0,141956.783318072,142324.71048458386,,,,,,,,,,,,3.01,3.796,0.786,1027.4,2.3,"INDIANAPOLIS, IN"
2015-11-30,167839.0,2357.0,471083029.0,141423.65975381012,142614.24576265874,,,,,,,,,,,,3.163,3.942,0.78,1031.0,2.7,"INDIANAPOLIS, IN"
2015-12-31,164920.0,2944.0,454771898.0,141487.777760446,143117.03749053148,,,,,,,,,,,,3.206,3.964,0.758,1032.7,3.1,"INDIANAPOLIS, IN"
2016-01-31,162337.0,1858.0,388629280.0,140979.32084324135,143670.54211577674,,,,,,,,,,,,3.155,3.873,0.718,1034.1,2.2,"INDIANAPOLIS, IN"
2016-02-29,160788.0,2192.0,376097675.0,140926.36448801207,144367.34122944856,,,,,,,,,,,,2.96,3.66,0.7,,,"INDIANAPOLIS, IN"
2016-03-31,163013.0,2825.0,375876973.0,141249.1704768007,144822.92485418534,,,,,,,,,,,,2.966,3.694,0.728,1038.7,2.0,"INDIANAPOLIS, IN"
2016-04-30,168345.0,3236.0,465176815.0,143135.02904593808,145438.8486672461,,,,,,,,,,,,2.87,3.605,0.735,1039.1,1.7,"INDIANAPOLIS, IN"
2016-05-31,176187.0,3918.0,588821077.0,145216.10004224218,146128.45426718213,,,,,,,,,,,,2.842,3.6,0.757,1041.6,1.4,"INDIANAPOLIS, IN"
2016-06-30,183233.0,4214.0,697541169.0,147128.54593960644,147026.9853486894,,,,,,,,,,,,2.842,3.568,0.726,1039.5,0.3,"INDIANAPOLIS, IN"
2016-07-31,186997.0,3916.0,751457002.0,148745.32060374206,147869.1634329201,,,,,,,,,,,,2.748,3.44,0.693,1050.0,3.6,"INDIANAPOLIS, IN"
2016-08-31,185611.0,3866.0,742892846.0,149785.575186856,148698.83232452458,,,,,,,,,,,,2.745,3.435,0.69,1048.3,2.2,"INDIANAPOLIS, IN"
2016-09-30,182377.0,3528.0,687620767.0,150653.8563101094,149626.75727639478,,,,,,,,,,,,2.756,3.46,0.704,1051.6,4.0,"INDIANAPOLIS, IN"
2016-10-31,179573.0,2981.0,621871605.0,150800.97454534395,150506.34241795304,,,,,,,,,,,,2.763,3.47,0.708,1047.8,-0.7,"INDIANAPOLIS, IN"
2016-11-30,181330.0,2718.0,557433130.0,150599.52164604474,151371.5447434986,,,,,,,,,,,,3.027,3.77,0.743,1049.1,0.3,"INDIANAPOLIS, IN"
2016-12-31,180593.0,2772.0,509495974.0,150472.94842473217,152148.19622899967,,,,,,,,,,,,3.428,4.198,0.77,1048.2,-1.1,"INDIANAPOLIS, IN"
2017-01-31,178784.0,2048.0,451141080.0,149547.76370642235,152784.51162840376,,,,,,,,,,,,3.388,4.15,0.763,1049.4,0.5,"INDIANAPOLIS, IN"
2017-02-28,173496.0,2071.0,400044208.0,149446.68380560406,153366.76047746927,,,,,,,,,,,,3.38,4.168,0.788,1050.9,0.6,"INDIANAPOLIS, IN"
2017-03-31,175585.0,3504.0,451263849.0,150541.14556038138,153970.39615225987,,,,,,,,,,,,3.414,4.196,0.782,1054.5,2.1,"INDIANAPOLIS, IN"
2017-04-30,179583.0,3317.0,536559484.0,152693.49656727046,154860.49251562412,,,,,,,,,,,,3.3,4.045,0.745,1057.7,2.8,"INDIANAPOLIS, IN"
2017-05-31,185854.0,4048.0,674159170.0,154888.99992724598,155841.9737648999,,,,,,,,,,,,3.255,4.01,0.755,1057.8,2.3,"INDIANAPOLIS, IN"
2017-06-30,191203.0,4582.0,765567890.0,157037.28314697207,156834.9541814238,,,,,,,,,,,,3.174,3.904,0.73,1061.7,2.4,"INDIANAPOLIS, IN"
2017-07-31,194440.0,3840.0,809777741.0,159054.8902649897,157824.3176721621,,,,,,,,,,,,3.235,3.967,0.732,1059.1,0.5,"INDIANAPOLIS, IN"
2017-08-31,195519.0,3966.0,808887496.0,160242.28511848138,158821.1188484948,,,,,,,,,,,,3.16,3.88,0.72,1060.4,0.9,"INDIANAPOLIS, IN"
2017-09-30,189629.0,3450.0,712260641.0,160832.79196674415,159778.8717340535,,,,,,,,,,,,3.105,3.805,0.7,1062.7,0.3,"INDIANAPOLIS, IN"
2017-10-31,186303.0,3475.0,677341407.0,161204.20990479796,160689.03429579583,,,,,,,,,,,,3.2,3.895,0.695,1063.7,1.5,"INDIANAPOLIS, IN"
2017-11-30,184564.0,3067.0,614375005.0,161460.2148439521,161729.6402365826,,,,,,,,,,,,3.288,3.922,0.634,1063.7,1.1,"INDIANAPOLIS, IN"
2017-12-31,182726.0,2949.0,578133952.0,161223.95934624886,162747.98159686234,,,,,,,,,,,,3.385,3.95,0.565,1065.8,1.0,"INDIANAPOLIS, IN"
2018-01-31,178888.0,2284.0,497104306.0,160577.25420682208,163700.59160755205,44.0,31.0,,,,,297822.0615942029,276.0,,,,3.482,4.033,0.55,1065.0,0.4,"INDIANAPOLIS, IN"
2018-02-28,174998.0,2459.0,449618608.0,160720.94509146456,164520.9338408384,44.0,29.0,,,,,320292.4903225806,317.0,,,,3.785,4.33,0.545,1066.2,0.8,"INDIANAPOLIS, IN"
2018-03-31,180300.0,3118.0,476234598.0,162600.92448508652,165635.75527304923,50.0,28.0,46.0,9427.570693515509,0.0329327742757734,0.96973189240446,333248.6857142857,315.0,0.1562466254673344,0.1632064172912002,0.6424154213670362,3.91,4.444,0.534,1070.8,1.7,"INDIANAPOLIS, IN"
2018-04-30,188752.0,3529.0,576822494.0,164878.95765867626,166888.28089786158,58.0,29.0,42.0,9525.183551794396,0.0320311774821661,0.9755189113688524,363757.4717741936,249.0,0.1587588781055663,0.2086128085156708,0.586205180842518,3.925,4.468,0.543,1068.5,1.2,"INDIANAPOLIS, IN"
2018-05-31,199035.0,4005.0,708418807.0,167602.74280235302,168294.3319772317,61.0,36.0,34.0,9820.72344908462,0.0316258550902369,0.9809500907569244,346813.2191780822,221.0,0.183351871352156,0.2509522161397738,0.5303643027264942,4.066,4.586,0.52,1072.0,1.9,"INDIANAPOLIS, IN"
2018-06-30,205995.0,4302.0,815302291.0,169932.50621215638,169507.22018236964,55.0,37.0,28.0,9883.567700139472,0.0308893453267522,0.9845612035997928,364586.6180904523,200.0,0.2120199625898299,0.2718928161519469,0.5091003253782477,4.04,4.57,0.53,1075.7,1.6,"INDIANAPOLIS, IN"
2018-07-31,210693.0,3997.0,864633050.0,172103.07067154357,170737.04113455463,50.0,36.0,25.0,9856.913392869832,0.0311048447951533,0.9848367677001632,332119.84375,160.0,0.2515205261110912,0.2638374626338799,0.5149952490629288,4.008,4.527,0.52,1074.2,1.9,"INDIANAPOLIS, IN"
2018-08-31,208695.0,4120.0,864310843.0,173333.65578709156,171841.4655368595,47.0,35.0,27.0,9643.495651006891,0.0313626857126764,0.9823985655505508,334859.4601226994,163.0,0.2734255905314867,0.2406576031425827,0.5441539367999354,4.018,4.55,0.532,1076.7,1.6,"INDIANAPOLIS, IN"
2018-09-30,202822.0,3368.0,777335208.0,174123.83818804336,172971.38090263458,43.0,36.0,31.0,9374.321002777877,0.0317685300697444,0.978605414494233,327470.03225806454,155.0,0.2867665145346168,0.2055632683490686,0.5767088974670201,4.08,4.628,0.547,1079.3,1.2,"INDIANAPOLIS, IN"
2018-10-31,195748.0,3420.0,712760889.0,173991.39048590424,173895.1898374584,40.0,35.0,35.0,8857.057050525118,0.0316201073472781,0.9747484050068712,335985.2375690608,181.0,0.2900089457265811,0.178427926119231,0.6081303819090542,4.248,4.83,0.583,1079.1,1.6,"INDIANAPOLIS, IN"
2018-11-30,195237.0,2904.0,630088413.0,173956.73368659665,174901.89710256085,39.0,34.0,40.0,8377.656518918244,0.0313342346168562,0.9723779997259008,392033.71287128713,202.0,0.2764869600152497,0.1549826502930028,0.6343680605276852,4.282,4.866,0.584,1078.4,0.6,"INDIANAPOLIS, IN"
2018-12-31,194637.0,2553.0,574706805.0,173618.20478566262,175800.81153227497,42.0,34.0,47.0,8057.161521278794,0.0319990585612935,0.9692506550584952,372515.4528301887,212.0,0.2360883648022436,0.1346548786736838,0.666766658375057,4.09,4.638,0.547,1077.6,-0.6,"INDIANAPOLIS, IN"
2019-01-31,195493.0,1777.0,472864900.0,173185.37332028116,176856.609043492,47.0,36.0,54.0,7948.584144492375,0.0321019707609022,0.9667495373371088,368991.90265486727,113.0,0.2105630657244279,0.1178312959922155,0.6914661208102723,3.906,4.464,0.558,1086.5,2.5,"INDIANAPOLIS, IN"
2019-02-28,193825.0,2127.0,417836493.0,173178.59581160903,177789.68012171914,53.0,35.0,57.0,8080.06048479586,0.0325767086968774,0.9669788105483932,367984.32330827066,133.0,0.1899299371740732,0.1153400287826086,0.7001293795794185,3.8,4.37,0.57,1089.2,3.6,"INDIANAPOLIS, IN"
2019-03-31,195560.0,2934.0,447871044.0,174731.63318511125,178843.35665085466,56.0,34.0,53.0,8785.82471550187,0.0318736300311011,0.9698336213334408,371251.0053475936,187.0,0.1969680760016703,0.1333112019261955,0.6758812085609706,3.717,4.265,0.547,1088.6,3.7,"INDIANAPOLIS, IN"
2019-04-30,199243.0,3256.0,554175184.0,176614.81927276216,179732.78322593574,57.0,35.0,45.0,9540.286458785044,0.0320310790895202,0.9751399708697744,347189.25225225225,222.0,0.193196701915556,0.1684409836603916,0.6278947171259621,3.605,4.143,0.537,1091.5,1.7,"INDIANAPOLIS, IN"
2019-05-31,207928.0,3825.0,697067531.0,179013.50747591764,180616.4809584829,54.0,36.0,35.0,10376.90593407462,0.0318915283828494,0.9788615418760908,356471.0096153846,208.0,0.2135933897410618,0.2065995649397487,0.5728721451902881,3.534,4.072,0.538,1092.0,0.9,"INDIANAPOLIS, IN"
2019-06-30,215451.0,3882.0,789981592.0,181335.287904445,181394.2641832104,51.0,36.0,30.0,10208.638607170356,0.0313151154426241,0.9822424792544824,370125.4885844749,219.0,0.2397854749414326,0.2316175839830323,0.5375463785194005,3.237,3.803,0.565,1093.3,1.6,"INDIANAPOLIS, IN"
2019-07-31,222749.0,3958.0,866214818.0,183152.5936111948,182176.2902799072,50.0,36.0,29.0,9886.250343216792,0.0308405983480429,0.9827309923208024,344588.57692307694,208.0,0.2661204315406869,0.2374877991959698,0.5336318948868103,3.203,3.765,0.562,1094.0,0.8,"INDIANAPOLIS, IN"
2019-08-31,221129.0,3878.0,863816476.0,184443.0110789525,182969.8125069169,49.0,35.0,30.0,9236.107174542036,0.0301199572771271,0.9815293887500716,354822.5714285714,225.0,0.2809468241845585,0.2252997680844511,0.5514939971881349,3.082,3.616,0.534,1093.6,0.5,"INDIANAPOLIS, IN"
2019-09-30,216958.0,3294.0,806139193.0,185000.93517758124,183735.39553590803,46.0,35.0,32.0,9082.935048307212,0.0301878651169247,0.9783262103631925,335279.7267759563,184.0,0.2949148634961048,0.2090488972195994,0.582173424845565,3.115,3.605,0.49,1093.6,0.1,"INDIANAPOLIS, IN"
2019-10-31,211062.0,3417.0,745552051.0,185446.08639419352,184703.073461264,45.0,35.0,34.0,8905.869198167966,0.030439879624815,0.9760335256004842,367004.42245989305,188.0,0.2975824015381166,0.187740818723112,0.6014768180754045,3.142,3.688,0.546,1095.7,0.6,"INDIANAPOLIS, IN"
2019-11-30,207397.0,2823.0,659611277.0,185649.2011450153,185900.26578401664,44.0,35.0,37.0,8588.022536114599,0.0306250463868959,0.9735249431982854,370807.4414414414,222.0,0.2790070376499841,0.1744018991883102,0.625440591953511,3.158,3.695,0.538,1098.4,1.6,"INDIANAPOLIS, IN"
2019-12-31,207136.0,2858.0,628103231.0,185617.56819208,187261.62771910083,48.0,35.0,44.0,8083.41776084614,0.0309921395179067,0.9719783228708084,359269.9678714859,249.0,0.2386256027159436,0.1559320906029925,0.6452668996680639,3.178,3.72,0.543,1098.4,1.6,"INDIANAPOLIS, IN"
2020-01-31,205202.0,2069.0,531291045.0,185665.71274642707,188792.2416587548,56.0,37.0,50.0,8081.102923794664,0.0315135611877562,0.9699650283147287,360891.3650793651,126.0,0.2106226837042493,0.1382538057449273,0.668557900991812,3.072,3.624,0.552,1097.3,0.5,"INDIANAPOLIS, IN"
2020-02-29,206659.0,2219.0,493457787.0,186123.27859239496,190270.76474878608,61.0,34.0,51.0,8818.016999258689,0.0326209056132106,0.9699669004287372,358284.5925925926,189.0,0.208118430606293,0.1387471717242703,0.6659162774827029,2.97,3.465,0.495,,,"INDIANAPOLIS, IN"
2020-03-31,209872.0,3049.0,516681145.0,188159.36362886964,191875.9562949154,64.0,35.0,45.0,9645.323829845693,0.0338988636545335,0.9727246878857287,357926.98566308245,279.0,0.2105677748906771,0.1615846000756718,0.6316854591013206,2.885,3.45,0.565,1090.4,-2.7,"INDIANAPOLIS, IN"
2020-04-30,218468.0,2847.0,593216259.0,190693.32990707192,193303.21999432085,70.0,37.0,37.0,9805.521331712343,0.0339440333063917,0.9779158328336288,357935.4633027523,218.0,0.1992818138653503,0.2151820811105989,0.5738665451995767,2.804,3.306,0.502,954.9,-47.5,"INDIANAPOLIS, IN"
2020-05-31,227306.0,2951.0,670130839.0,192790.92765269452,194410.26564576672,75.0,37.0,32.0,9615.785983393189,0.0330635966918424,0.9813159014346928,355354.7696629214,178.0,0.190234710682883,0.2449124084318011,0.5343741377604212,2.692,3.232,0.54,984.1,-38.8,"INDIANAPOLIS, IN"
2020-06-30,236731.0,3789.0,760240198.0,194915.64542324765,195188.2089698255,76.0,37.0,31.0,10197.859633176928,0.0316359278982389,0.9833219082790712,343092.2053231939,263.0,0.1971431056052192,0.268870624710179,0.512146050531798,2.603,3.163,0.56,1015.1,-25.1,"INDIANAPOLIS, IN"
2020-07-31,245239.0,4379.0,913180387.0,197625.2804911377,196080.4955569578,75.0,37.0,29.0,10747.40565758927,0.0304499383844462,0.9852687097941212,360405.2053231939,263.0,0.2049821298494449,0.2854941507383643,0.4953055887215346,2.52,3.016,0.496,1032.2,25.8,"INDIANAPOLIS, IN"
2020-08-31,248716.0,4105.0,1017792032.0,199834.0210451351,197436.21737001787,72.0,38.0,26.0,11212.659424712556,0.0305075507310897,0.9885063291537852,352369.8456140351,285.0,0.2092160196800607,0.3114048676843065,0.4698225396940171,2.475,2.935,0.46,1043.4,19.8,"INDIANAPOLIS, IN"
2020-09-30,248166.0,4026.0,1035235526.0,202932.6507095185,199653.43735325465,66.0,38.0,23.0,10934.269046769086,0.0309594228568184,0.991290121727502,361621.69863013696,292.0,0.2106103259839492,0.3342305375564398,0.4457336363575355,2.385,2.89,0.505,1049.0,11.3,"INDIANAPOLIS, IN"
2020-10-31,246104.0,4130.0,1005795786.0,205317.5334413644,202406.75718014533,63.0,37.0,21.0,10714.389431137715,0.0325570685186033,0.9911470895903453,358703.92910447763,268.0,0.2233238087327807,0.3347569104362474,0.4408314035545713,2.346,2.834,0.488,1059.7,9.2,"INDIANAPOLIS, IN"
2020-11-30,242611.0,3593.0,951384009.0,207587.215445914,205762.85264294688,61.0,37.0,22.0,10488.692299234555,0.0335910491900216,0.9897003628649124,355579.80534351146,262.0,0.2265471934708278,0.3304885450640701,0.4445945621390286,2.305,2.765,0.46,1060.1,5.6,"INDIANAPOLIS, IN"
2020-12-31,237532.0,3758.0,910218169.0,209131.45650716344,209033.8662396219,69.0,36.0,24.0,10017.832563268854,0.0345840548912018,0.987148286547185,373213.8054607509,293.0,0.2177142386788147,0.3107799681067423,0.4621821049754795,2.218,2.684,0.466,1059.4,3.5,"INDIANAPOLIS, IN"
2021-01-31,229781.0,2469.0,754949248.0,210035.7616983181,212186.70493642127,79.0,36.0,27.0,10046.794358111692,0.0364351220524036,0.9851078026910204,359503.4948453608,195.0,0.1923046544068507,0.2970540270487451,0.4855359021071497,2.2,2.735,0.535,1066.7,2.3,"INDIANAPOLIS, IN"
2021-02-28,229482.0,2457.0,665302882.0,212945.15318250773,215476.10888277032,88.0,34.0,27.0,10079.36782493238,0.0378066323868303,0.9852893018551506,360350.6964980545,258.0,0.1614709167745052,0.3039767340460353,0.4892583449434629,2.237,2.81,0.573,1067.0,2.3,"INDIANAPOLIS, IN"
2021-03-31,232571.0,3176.0,630122173.0,217774.1197455509,219240.0491385685,90.0,35.0,23.0,11216.284371489555,0.0397563794582772,0.9904442187311694,360067.55350553506,271.0,0.1422590536995778,0.3462198325174055,0.4582721127424103,2.393,3.083,0.69,1072.7,4.4,"INDIANAPOLIS, IN"
2021-04-30,245491.0,3629.0,763091258.0,222513.42392958628,223155.10765927928,90.0,35.0,19.0,12228.875064214852,0.0403996614720641,0.9995913284883344,365357.71760797343,301.0,0.1237714166217039,0.4257579500808767,0.3889377562254563,2.364,3.06,0.696,1071.3,1.5,"INDIANAPOLIS, IN"
2021-05-31,256715.0,3860.0,915803946.0,228526.85534613297,227091.13478561665,83.0,34.0,14.0,13472.185835189908,0.0407908117943368,1.0107024728619818,380579.2770700637,315.0,0.1229692866201837,0.5049481337878768,0.3171456839718655,2.28,2.962,0.683,1076.1,3.0,"INDIANAPOLIS, IN"
2021-06-30,267354.0,4475.0,1067847168.0,234396.83066542065,230958.5266122825,76.0,35.0,12.0,14169.89392288403,0.0413916891285409,1.018558460871051,400308.1394557823,294.0,0.1374340010434956,0.5636897718994708,0.2657587010079748,2.27,2.975,0.705,1078.1,1.8,"INDIANAPOLIS, IN"
2021-07-31,273192.0,4521.0,1171957330.0,237443.58002358003,234383.40844948543,71.0,35.0,11.0,14619.38547747056,0.041973590086611,1.0214024077809702,389748.0338983051,236.0,0.1597952815388102,0.5798674181039939,0.2499551747904812,2.18,2.868,0.688,1089.1,5.9,"INDIANAPOLIS, IN"
2021-08-31,275705.0,4433.0,1234205531.0,238524.27882068383,236764.05022534743,70.0,35.0,12.0,14442.066091960578,0.0421905973133976,1.0190318368141635,390353.3828828829,222.0,0.1807012504208537,0.5677732297583428,0.2636055801925775,2.145,2.842,0.698,1094.8,6.2,"INDIANAPOLIS, IN"
2021-09-30,274624.0,4482.0,1229998993.0,239482.21620111103,238211.70925478567,69.0,35.0,13.0,13996.870615057242,0.0416480256403873,1.0133954596201524,393031.9267241379,232.0,0.1904408840616599,0.541163878262627,0.286338987969823,2.184,2.9,0.716,1086.8,2.9,"INDIANAPOLIS, IN"
2021-10-31,272352.0,4031.0,1175286228.0,241379.2221651769,239971.4775650277,68.0,34.0,15.0,13284.74674992714,0.0407694964789578,1.0097788627561923,431150.2083333333,216.0,0.1952585926355389,0.5181488892702174,0.3045063631288536,2.308,3.067,0.76,1104.6,5.2,"INDIANAPOLIS, IN"
2021-11-30,269557.0,3894.0,1114972692.0,243026.55708526343,242447.38651541012,67.0,35.0,15.0,12700.569712136616,0.0405441669979151,1.0063433527366326,411361.5487804878,328.0,0.1949056821822511,0.4972624945655624,0.3177125204748771,2.357,3.067,0.71,1108.0,4.4,"INDIANAPOLIS, IN"
2021-12-31,267536.0,3798.0,1045767354.0,244206.20169792764,245403.6088285509,73.0,34.0,18.0,12293.675850559615,0.0410918951362052,1.0048358637545245,409875.0821917809,438.0,0.1794827189045347,0.4780377541835505,0.3365686466780321,2.348,3.098,0.75,1112.5,8.6,"INDIANAPOLIS, IN"
2022-01-31,260202.0,2589.0,896000699.0,247746.6941281033,249251.80304133325,82.0,35.0,20.0,12466.069757125237,0.0415663318431046,1.0006500815614594,393416.64081632654,245.0,0.1639167264185357,0.4527066723516206,0.3639629203272521,2.66,3.445,0.785,1113.1,2.8,"INDIANAPOLIS, IN"
2022-02-28,259633.0,2574.0,777174268.0,253058.94787235887,254173.81554365376,88.0,33.0,21.0,12488.506144583444,0.0421150904320249,1.0009423434549063,420215.4285714286,273.0,0.1411826200569187,0.4523368133071183,0.3738803290251486,2.998,3.763,0.765,1118.1,3.4,"INDIANAPOLIS, IN"
2022-03-31,262782.0,3215.0,736035939.0,258211.49933032985,259652.16186696172,85.0,31.0,17.0,13287.633957089756,0.04300055949056,1.0051317582876278,413918.69740634,347.0,0.1338068540671897,0.4810517661016554,0.3545606086129202,3.39,4.172,0.782,1121.7,3.1,"INDIANAPOLIS, IN"
2022-04-30,275158.0,3370.0,842845730.0,264693.2484077682,264831.8406627618,80.0,31.0,14.0,14054.140472940113,0.0435611254149361,1.0160043809439572,430081.4190140845,284.0,0.1253546274567892,0.5355328273121795,0.3052437046632837,4.215,4.982,0.767,1124.1,3.7,"INDIANAPOLIS, IN"
2022-05-31,289776.0,3703.0,996710915.0,269825.5060865385,268899.7238601709,71.0,32.0,11.0,15379.391805226494,0.0438989671446257,1.025119864183314,440565.7803617571,387.0,0.1418992075529786,0.5842517585827921,0.2590261268304031,4.435,5.23,0.795,1127.7,3.2,"INDIANAPOLIS, IN"
2022-06-30,305517.0,4071.0,1138760262.0,273911.98199069785,272252.87521925085,63.0,32.0,10.0,15472.76282033598,0.0421711218391243,1.028117403706861,420493.4460093897,426.0,0.1724849935354878,0.6042384844547115,0.2364866628531231,4.652,5.522,0.87,1128.6,2.3,"INDIANAPOLIS, IN"
2022-07-31,312401.0,3770.0,1203009176.0,273937.0816873487,273784.215681487,59.0,32.0,11.0,14785.782105493774,0.0400498976445322,1.0228089482770468,449900.9852507375,339.0,0.2257042433203534,0.5813945259579681,0.2556641575543942,4.612,5.412,0.8,1136.3,4.1,"INDIANAPOLIS, IN"
2022-08-31,307562.0,3775.0,1192151402.0,272185.6840484647,273877.684556562,54.0,32.0,14.0,13636.883763687716,0.0380497869886056,1.0107233163547542,440484.6569148936,376.0,0.2688509323493954,0.4993770591460048,0.3134368872694023,4.562,5.223,0.66,1137.9,3.4,"INDIANAPOLIS, IN"
2022-09-30,298032.0,3365.0,1084666947.0,270241.9594343564,272853.4160494861,49.0,33.0,18.0,12596.077613061572,0.0365541386884405,0.99799500968786,422080.61518987344,395.0,0.3013618099157937,0.3999344098679342,0.393248357724743,5.35,6.112,0.762,1139.2,3.5,"INDIANAPOLIS, IN"
2022-10-31,291991.0,2851.0,973137569.0,268821.42696783115,272060.0800832724,44.0,32.0,21.0,12004.38609827026,0.0356001816780563,0.9878265013838188,476510.67441860464,344.0,0.3167675830575956,0.3181664997125183,0.4597914779802277,6.145,6.9,0.755,1140.3,1.3,"INDIANAPOLIS, IN"
2022-11-30,284431.0,2630.0,840907795.0,267197.7555471173,271699.07770552667,41.0,32.0,25.0,11343.512993976685,0.0346349905185453,0.9813678240997096,434995.1694444445,360.0,0.3223983772346454,0.2694468200428164,0.5126069185796374,6.138,6.805,0.667,1142.4,1.5,"INDIANAPOLIS, IN"
2022-12-31,281178.0,2312.0,730937961.0,265228.582219832,271632.9461549307,46.0,31.0,30.0,10729.05125734304,0.0346542352645597,0.9774215421178606,436725.36515513127,419.0,0.2934134986165798,0.2294287632102271,0.5559822631726642,5.668,6.364,0.696,1144.7,1.8,"INDIANAPOLIS, IN"
2023-01-31,275190.0,1619.0,602256283.0,262533.97329737485,271379.90301768255,55.0,33.0,37.0,10377.654839097117,0.0342988592130675,0.973625419494697,454142.3793103448,232.0,0.2704659309622802,0.1935331982697964,0.6017866055683588,5.425,6.272,0.848,1149.0,2.9,"INDIANAPOLIS, IN"
2023-02-28,274646.0,1942.0,538897627.0,262505.6591231299,271349.7512521749,64.0,31.0,39.0,11466.705669682036,0.0347779373371094,0.9734416673296766,440696.0402930403,273.0,0.2366536474253899,0.1782599907177283,0.6250543007251096,5.415,6.258,0.843,1151.6,3.1,"INDIANAPOLIS, IN"
2023-03-31,276244.0,2643.0,574249695.0,263930.5213734008,271483.3561911624,69.0,31.0,36.0,12334.50222918202,0.0344730339165716,0.9764622083842678,461189.463592233,412.0,0.2266698726322193,0.2050730127432002,0.5944761377273887,5.796,6.544,0.748,1154.1,3.1,"INDIANAPOLIS, IN"
2023-04-30,285714.0,2485.0,676233146.0,267467.4537411507,272261.5316066866,69.0,32.0,28.0,13465.339957170449,0.0347752300830006,0.9832553062031708,450072.0148883375,403.0,0.2031023220925222,0.2631675880853326,0.5227514207215825,5.662,6.342,0.68,1156.8,2.6,"INDIANAPOLIS, IN"
2023-05-31,301010.0,2962.0,813353224.0,271144.0530805453,273215.16391683527,66.0,32.0,21.0,13348.395250789115,0.0337343102916483,0.990930574439156,441762.7632183908,435.0,0.2096095642879195,0.337504476855211,0.4403155003990642,5.808,6.425,0.617,1159.3,2.6,"INDIANAPOLIS, IN"
2023-06-30,313448.0,3107.0,896375399.0,274426.6183906543,274438.9335062996,62.0,33.0,19.0,13660.935720186004,0.033029923395568,0.995864440973146,440099.81113801454,414.0,0.2278973133166292,0.3843341225370406,0.3997185885842313,6.088,6.714,0.626,1159.1,1.7,"INDIANAPOLIS, IN"
2023-07-31,320242.0,2831.0,950231617.0,275905.0886853622,275436.0191120736,60.0,33.0,19.0,13324.78512451112,0.0321754524151283,0.996887269100284,437099.4056338028,355.0,0.2601266353491713,0.3832210352707255,0.399480644915743,6.178,6.84,0.662,1160.1,1.1,"INDIANAPOLIS, IN"
2023-08-31,320715.0,2863.0,941159729.0,276422.26871247817,276318.2305786816,56.0,32.0,21.0,12808.091835346731,0.0320143338027987,0.9939043296534172,461247.183908046,348.0,0.2888299479054894,0.3513442426419247,0.4290349887370528,6.43,7.072,0.642,1164.3,1.7,"INDIANAPOLIS, IN"
2023-09-30,315680.0,2480.0,860905987.0,275793.06579391257,276903.5193188017,50.0,32.0,23.0,12152.055365161825,0.0313922880700694,0.9895545750038788,469275.0303030303,330.0,0.312633559382143,0.3062526371523349,0.4679064688205175,6.572,7.2,0.628,1167.2,2.7,"INDIANAPOLIS, IN"
2023-10-31,310787.0,2381.0,801171936.0,274310.1972883306,277238.9179512413,44.0,32.0,25.0,11429.356343987169,0.0312012085674979,0.98562298251386,465514.17518248176,274.0,0.3356871552938743,0.2756332604616708,0.4998789575610389,6.905,7.62,0.715,1170.2,3.4,"INDIANAPOLIS, IN"
2023-11-30,303379.0,2155.0,710314736.0,272534.6475511747,277250.5794874314,43.0,31.0,29.0,10691.577069206598,0.0306396729242051,0.9816785083359209,451310.8990228013,308.0,0.3340503387153008,0.2377139695773888,0.5309093939533508,6.766,7.442,0.676,1171.6,2.4,"INDIANAPOLIS, IN"
2023-12-31,298712.0,2053.0,656734295.0,270458.6883855313,277110.7876711039,47.0,31.0,35.0,9883.47663340652,0.0301929554511622,0.9773525350873016,436578.2346938776,294.0,0.2960576538382957,0.2024688608685929,0.5595678862989939,6.138,6.815,0.678,1172.3,1.7,"INDIANAPOLIS, IN"
2024-01-31,296954.0,1629.0,577194645.0,269813.2525682166,277488.3803386784,52.0,33.0,41.0,9647.794870792,0.0294076840491133,0.9746150932458651,429906.28571428574,196.0,0.2610065834490792,0.1714670735441529,0.6017315355554443,5.87,6.643,0.773,1173.8,1.2,"INDIANAPOLIS, IN"
2024-02-29,296139.0,1883.0,548900897.0,270729.76503920363,278403.8220571344,59.0,31.0,43.0,9887.606447109763,0.0291615449220406,0.97442690555325,422515.8113207547,265.0,0.2280181067982954,0.1706234215868961,0.6086378568427827,6.102,6.776,0.674,,,"INDIANAPOLIS, IN"
2024-03-31,299987.0,2315.0,583584396.0,274032.0978539724,280072.8465430063,63.0,30.0,38.0,10397.380779620498,0.0287492434937648,0.9779521329365514,412844.724852071,338.0,0.2304502171341858,0.1973020620953239,0.5846809626731225,6.175,6.82,0.645,1179.2,2.3,"INDIANAPOLIS, IN"
2024-04-30,306414.0,2613.0,698979265.0,277774.38633242366,281725.56942158384,63.0,32.0,31.0,10797.131319685315,0.028696957809815,0.9827215050180768,463492.1806020067,299.0,0.2349407536690973,0.2441778440921017,0.5276951537685147,6.263,6.992,0.73,1180.9,2.4,"INDIANAPOLIS, IN"
2024-05-31,319174.0,2784.0,822403498.0,280550.63473565213,282983.7748428591,60.0,32.0,26.0,11030.089727552002,0.0284562852615237,0.986685045288082,458284.2964071856,334.0,0.2554283221956365,0.2836681840720523,0.484891970821832,6.346,7.06,0.714,1183.9,2.0,"INDIANAPOLIS, IN"
2024-06-30,332339.0,2740.0,901921333.0,282476.1232963744,283502.7868961394,56.0,33.0,24.0,11263.084544994912,0.0284999770381879,0.988828957313968,451549.5807860262,229.0,0.2814579989636371,0.3038618082309487,0.460675324594713,6.188,6.918,0.73,1183.7,1.5,"INDIANAPOLIS, IN"
