POR,M,A,M.1,A.1,M.2,A.2,M.3,A.3,M.4,A.4,M.5,A.5,M.6,A.6,M.7,A.7,M.8,A.8,M.9,A.9,M.10,A.10,M.11,A.11,M.12,A.12,ID,CITY,STATE
194801-201812,81.0,60.0,80.0,56.0,80.0,52.0,83.0,50.0,85.0,53.0,85.0,56.0,87.0,58.0,88.0,57.0,87.0,56.0,86.0,52.0,83.0,55.0,82.0,60.0,84.0,55.0,13876,BIRMINGHAM,AL
195809-201812,81.0,64.0,81.0,60.0,80.0,55.0,82.0,51.0,85.0,54.0,87.0,55.0,89.0,59.0,90.0,57.0,89.0,56.0,87.0,52.0,84.0,57.0,82.0,63.0,85.0,57.0,03856,HUNTSVILLE,AL
194801-201812,83.0,60.0,84.0,58.0,85.0,54.0,88.0,53.0,88.0,54.0,88.0,57.0,90.0,61.0,91.0,60.0,90.0,59.0,87.0,53.0,85.0,56.0,85.0,61.0,87.0,57.0,13894,MOBILE,AL
194801-201812,83.0,59.0,82.0,56.0,83.0,52.0,87.0,51.0,87.0,53.0,88.0,55.0,90.0,58.0,91.0,56.0,90.0,55.0,89.0,51.0,87.0,53.0,84.0,59.0,87.0,55.0,13895,MONTGOMERY,AL
195311-201812,75.0,74.0,75.0,69.0,70.0,57.0,68.0,54.0,64.0,50.0,69.0,57.0,75.0,63.0,79.0,65.0,81.0,65.0,79.0,67.0,78.0,74.0,78.0,77.0,74.0,64.0,26451,ANCHORAGE,AK
194807-201712,82.0,77.0,81.0,73.0,79.0,69.0,77.0,67.0,76.0,65.0,79.0,68.0,82.0,71.0,84.0,73.0,87.0,75.0,85.0,78.0,83.0,78.0,83.0,80.0,82.0,73.0,25308,ANNETTE,AK
194807-201812,73.0,73.0,72.0,72.0,72.0,72.0,79.0,77.0,88.0,84.0,89.0,85.0,89.0,84.0,92.0,86.0,91.0,87.0,86.0,85.0,80.0,80.0,74.0,74.0,82.0,80.0,27502,BARROW,AK
194807-201812,79.0,78.0,78.0,75.0,81.0,75.0,84.0,72.0,81.0,62.0,82.0,61.0,88.0,69.0,92.0,74.0,92.0,71.0,89.0,77.0,84.0,82.0,80.0,79.0,84.0,73.0,26615,BETHEL,AK
194501-201812,72.0,70.0,71.0,66.0,69.0,59.0,66.0,57.0,63.0,49.0,62.0,47.0,72.0,55.0,81.0,61.0,81.0,63.0,81.0,73.0,76.0,74.0,73.0,73.0,72.0,62.0,26533,BETTLES,AK
194807-201812,68.0,67.0,70.0,63.0,67.0,53.0,59.0,44.0,53.0,38.0,61.0,45.0,69.0,52.0,73.0,53.0,75.0,56.0,79.0,69.0,74.0,72.0,71.0,71.0,68.0,57.0,26415,BIG DELTA,AK
195507-201812,86.0,83.0,86.0,82.0,85.0,78.0,86.0,77.0,86.0,76.0,88.0,78.0,92.0,82.0,92.0,83.0,89.0,79.0,85.0,77.0,85.0,81.0,85.0,83.0,87.0,80.0,25624,COLD BAY,AK
194807-201812,73.0,73.0,72.0,67.0,70.0,53.0,62.0,45.0,54.0,37.0,62.0,44.0,71.0,51.0,79.0,56.0,80.0,56.0,81.0,68.0,77.0,75.0,74.0,75.0,72.0,58.0,26411,FAIRBANKS,AK
194807-201812,75.0,74.0,75.0,69.0,71.0,53.0,65.0,46.0,59.0,40.0,62.0,43.0,71.0,50.0,76.0,52.0,79.0,54.0,82.0,67.0,79.0,78.0,77.0,77.0,73.0,59.0,26425,GULKANA,AK
194807-201812,80.0,76.0,79.0,71.0,76.0,66.0,75.0,64.0,72.0,64.0,75.0,67.0,80.0,72.0,83.0,72.0,84.0,70.0,82.0,69.0,79.0,74.0,80.0,77.0,79.0,70.0,25507,HOMER,AK
194807-201812,84.0,80.0,85.0,76.0,82.0,67.0,80.0,63.0,78.0,61.0,80.0,65.0,84.0,72.0,87.0,74.0,91.0,79.0,90.0,80.0,87.0,82.0,86.0,84.0,84.0,74.0,25309,JUNEAU,AK
194901-201812,80.0,77.0,79.0,72.0,79.0,66.0,78.0,61.0,75.0,56.0,79.0,59.0,85.0,65.0,88.0,68.0,88.0,67.0,86.0,69.0,84.0,78.0,80.0,78.0,82.0,68.0,25503,KING SALMON,AK
194511-201812,80.0,76.0,80.0,74.0,77.0,68.0,75.0,69.0,77.0,72.0,80.0,76.0,83.0,77.0,82.0,74.0,82.0,73.0,80.0,69.0,78.0,72.0,78.0,75.0,79.0,73.0,25501,KODIAK,AK
194501-201812,74.0,74.0,75.0,74.0,75.0,72.0,79.0,76.0,83.0,79.0,83.0,78.0,83.0,77.0,85.0,77.0,83.0,73.0,83.0,77.0,78.0,78.0,76.0,76.0,80.0,76.0,26616,KOTZEBUE,AK
194807-201812,75.0,73.0,75.0,66.0,74.0,53.0,70.0,49.0,65.0,44.0,68.0,48.0,77.0,57.0,85.0,62.0,86.0,62.0,84.0,71.0,80.0,76.0,77.0,76.0,76.0,61.0,26510,MCGRATH,AK
194501-201812,75.0,75.0,75.0,73.0,75.0,71.0,78.0,74.0,78.0,74.0,77.0,74.0,83.0,79.0,85.0,79.0,82.0,72.0,81.0,72.0,78.0,76.0,76.0,76.0,78.0,74.0,26617,NOME,AK
194510-201812,84.0,83.0,86.0,85.0,86.0,82.0,88.0,82.0,91.0,82.0,94.0,84.0,96.0,90.0,95.0,90.0,91.0,84.0,85.0,79.0,82.0,80.0,83.0,82.0,88.0,84.0,25713,ST. PAUL ISLAND,AK
194807-201812,72.0,68.0,73.0,63.0,70.0,54.0,68.0,50.0,66.0,48.0,72.0,53.0,80.0,61.0,86.0,65.0,87.0,64.0,82.0,66.0,76.0,70.0,75.0,72.0,75.0,61.0,26528,TALKEETNA,AK
196707-200507,74.0,72.0,76.0,70.0,74.0,64.0,74.0,61.0,76.0,62.0,80.0,65.0,85.0,72.0,87.0,72.0,88.0,73.0,80.0,70.0,76.0,71.0,76.0,74.0,79.0,69.0,26442,VALDEZ,AK
194808-201712,86.0,83.0,86.0,77.0,84.0,69.0,82.0,69.0,79.0,70.0,82.0,73.0,86.0,78.0,89.0,78.0,91.0,78.0,90.0,77.0,87.0,81.0,87.0,86.0,86.0,77.0,25339,YAKUTAT,AK
195001-201812,70.0,52.0,69.0,46.0,66.0,40.0,60.0,31.0,56.0,27.0,47.0,20.0,63.0,39.0,72.0,45.0,68.0,38.0,65.0,37.0,66.0,45.0,68.0,52.0,64.0,39.0,03103,FLAGSTAFF,AZ
194801-201812,60.0,33.0,56.0,28.0,50.0,23.0,39.0,16.0,32.0,13.0,28.0,12.0,42.0,21.0,47.0,24.0,44.0,22.0,46.0,23.0,51.0,27.0,59.0,34.0,46.0,23.0,23183,PHOENIX,AZ
194606-201812,56.0,31.0,53.0,26.0,47.0,21.0,37.0,15.0,30.0,12.0,29.0,13.0,52.0,29.0,58.0,32.0,51.0,27.0,46.0,24.0,49.0,27.0,56.0,34.0,47.0,24.0,23160,TUCSON,AZ
194801-201812,68.0,46.0,61.0,33.0,51.0,24.0,43.0,19.0,37.0,16.0,31.0,13.0,49.0,26.0,56.0,30.0,52.0,26.0,52.0,27.0,58.0,33.0,66.0,46.0,52.0,28.0,23194,WINSLOW,AZ
194807-201812,81.0,61.0,80.0,58.0,79.0,53.0,82.0,51.0,88.0,57.0,88.0,57.0,89.0,54.0,89.0,53.0,89.0,54.0,87.0,52.0,83.0,55.0,82.0,61.0,85.0,56.0,13964,FORT SMITH,AR
194807-201812,80.0,61.0,80.0,58.0,79.0,56.0,82.0,55.0,87.0,58.0,87.0,56.0,87.0,56.0,88.0,55.0,87.0,55.0,86.0,53.0,83.0,57.0,81.0,61.0,84.0,57.0,13963,LITTLE ROCK,AR
194801-201812,80.0,60.0,75.0,50.0,69.0,41.0,62.0,33.0,54.0,26.0,47.0,22.0,45.0,21.0,48.0,23.0,51.0,27.0,58.0,34.0,71.0,49.0,78.0,60.0,62.0,37.0,23155,BAKERSFIELD,CA
194801-201812,51.0,35.0,50.0,29.0,40.0,20.0,34.0,17.0,34.0,17.0,30.0,13.0,31.0,15.0,30.0,14.0,31.0,15.0,36.0,20.0,44.0,27.0,50.0,35.0,38.0,21.0,23157,BISHOP,CA
194801-201812,56.0,60.0,60.0,64.0,63.0,63.0,59.0,57.0,52.0,49.0,43.0,39.0,38.0,33.0,36.0,31.0,39.0,36.0,49.0,50.0,54.0,60.0,58.0,64.0,51.0,51.0,23225,BLUE CANYON,CA
194908-201812,88.0,67.0,85.0,55.0,81.0,45.0,74.0,35.0,65.0,27.0,59.0,23.0,55.0,21.0,60.0,22.0,65.0,26.0,71.0,34.0,82.0,53.0,88.0,67.0,73.0,40.0,93193,FRESNO,CA
194901-201812,72.0,54.0,74.0,55.0,75.0,55.0,75.0,52.0,77.0,55.0,79.0,57.0,79.0,54.0,78.0,54.0,78.0,55.0,75.0,55.0,72.0,54.0,71.0,54.0,75.0,55.0,23129,LONG BEACH,CA
199907-201812,52.0,49.0,54.0,52.0,57.0,53.0,56.0,52.0,63.0,57.0,65.0,60.0,65.0,59.0,63.0,57.0,60.0,56.0,57.0,56.0,51.0,51.0,52.0,51.0,58.0,54.0,93134,LOS ANGELES,CA
198609-201812,77.0,60.0,71.0,50.0,68.0,46.0,63.0,38.0,57.0,31.0,49.0,24.0,46.0,18.0,46.0,18.0,48.0,21.0,57.0,32.0,73.0,53.0,76.0,60.0,61.0,38.0,24257,REDDING,CA
194707-201812,87.0,69.0,84.0,59.0,81.0,52.0,77.0,44.0,75.0,37.0,71.0,32.0,71.0,29.0,72.0,30.0,71.0,31.0,74.0,39.0,82.0,57.0,86.0,69.0,78.0,45.0,23232,SACRAMENTO,CA
194801-201812,69.0,58.0,71.0,59.0,73.0,60.0,73.0,60.0,76.0,64.0,79.0,67.0,80.0,67.0,80.0,67.0,79.0,66.0,74.0,64.0,68.0,60.0,67.0,59.0,74.0,63.0,23188,SAN DIEGO,CA
194501-194712,87.0,66.0,87.0,70.0,86.0,71.0,86.0,68.0,88.0,72.0,86.0,64.0,91.0,71.0,90.0,71.0,87.0,62.0,86.0,66.0,83.0,67.0,88.0,73.0,87.0,69.0,23272,SAN FRANCISCO,CA
194811-201812,72.0,58.0,73.0,59.0,74.0,60.0,75.0,61.0,78.0,62.0,83.0,65.0,84.0,66.0,83.0,66.0,80.0,65.0,76.0,64.0,71.0,59.0,73.0,61.0,77.0,62.0,23190,SANTA BARBARA,CA
195410-201812,72.0,63.0,75.0,64.0,75.0,64.0,74.0,62.0,77.0,63.0,79.0,64.0,78.0,64.0,80.0,66.0,77.0,65.0,71.0,64.0,69.0,63.0,70.0,61.0,75.0,63.0,23273,SANTA MARIA,CA
194811-201812,86.0,70.0,83.0,59.0,78.0,50.0,71.0,41.0,65.0,34.0,62.0,29.0,60.0,27.0,62.0,29.0,63.0,31.0,68.0,38.0,80.0,58.0,85.0,70.0,72.0,45.0,23237,STOCKTON,CA
194801-201812,74.0,58.0,72.0,49.0,65.0,35.0,63.0,29.0,63.0,28.0,65.0,25.0,74.0,37.0,76.0,39.0,72.0,34.0,68.0,36.0,70.0,47.0,72.0,58.0,69.0,40.0,23061,ALAMOSA,CO
194807-201812,54.0,47.0,56.0,42.0,57.0,38.0,58.0,36.0,62.0,38.0,60.0,34.0,62.0,40.0,64.0,42.0,60.0,37.0,55.0,38.0,54.0,45.0,53.0,48.0,58.0,40.0,93037,COLORADO SPRINGS,CO
199503-201812,53.0,54.0,53.0,50.0,49.0,39.0,51.0,41.0,55.0,43.0,49.0,37.0,46.0,35.0,47.0,37.0,47.0,37.0,49.0,44.0,48.0,50.0,53.0,55.0,50.0,43.0,23062,DENVER,CO
194801-201812,75.0,64.0,69.0,50.0,58.0,35.0,52.0,27.0,47.0,24.0,38.0,18.0,43.0,21.0,48.0,24.0,48.0,26.0,54.0,34.0,65.0,48.0,74.0,62.0,56.0,36.0,23066,GRAND JUNCTION,CO
195407-201812,64.0,48.0,64.0,40.0,60.0,33.0,59.0,30.0,62.0,32.0,61.0,28.0,63.0,32.0,66.0,35.0,62.0,32.0,61.0,34.0,65.0,44.0,64.0,49.0,63.0,36.0,93058,PUEBLO,CO
194706-201812,72.0,60.0,72.0,58.0,71.0,56.0,70.0,54.0,75.0,59.0,77.0,60.0,77.0,59.0,79.0,60.0,80.0,60.0,78.0,58.0,76.0,59.0,74.0,61.0,75.0,59.0,94702,BRIDGEPORT,CT
194901-201812,73.0,57.0,73.0,54.0,71.0,50.0,69.0,45.0,73.0,48.0,76.0,52.0,78.0,51.0,82.0,53.0,85.0,54.0,83.0,53.0,79.0,55.0,77.0,59.0,76.0,53.0,14740,HARTFORD,CT
194801-201812,75.0,59.0,74.0,56.0,73.0,52.0,72.0,50.0,76.0,54.0,77.0,54.0,78.0,54.0,82.0,56.0,84.0,56.0,84.0,55.0,80.0,56.0,77.0,59.0,78.0,55.0,13781,WILMINGTON,DE
196211-201812,75.0,56.0,75.0,53.0,75.0,50.0,74.0,48.0,80.0,54.0,81.0,54.0,82.0,54.0,85.0,54.0,87.0,55.0,86.0,53.0,81.0,53.0,78.0,57.0,80.0,53.0,93738,WASHINGTON DULLES,DC
194107-201812,71.0,55.0,70.0,52.0,69.0,49.0,69.0,48.0,74.0,52.0,75.0,53.0,76.0,53.0,79.0,54.0,81.0,55.0,80.0,54.0,75.0,53.0,72.0,56.0,74.0,53.0,13743,WASHINGTON NAT'L,DC
194801-201812,87.0,58.0,87.0,56.0,86.0,54.0,84.0,53.0,83.0,56.0,86.0,63.0,88.0,64.0,89.0,66.0,89.0,67.0,86.0,62.0,87.0,60.0,88.0,60.0,87.0,60.0,12834,DAYTONA BEACH,FL
194801-201812,89.0,55.0,88.0,53.0,87.0,50.0,85.0,47.0,84.0,49.0,87.0,58.0,88.0,61.0,89.0,61.0,91.0,62.0,89.0,57.0,89.0,55.0,90.0,57.0,88.0,55.0,12835,FORT MYERS,FL
198401-201812,88.0,56.0,88.0,53.0,88.0,50.0,87.0,48.0,86.0,48.0,88.0,58.0,90.0,61.0,92.0,63.0,92.0,62.0,90.0,57.0,91.0,57.0,90.0,58.0,89.0,56.0,12816,GAINESVILLE,FL
194801-201812,87.0,57.0,87.0,54.0,87.0,50.0,86.0,48.0,85.0,51.0,87.0,58.0,89.0,59.0,91.0,61.0,92.0,63.0,91.0,59.0,90.0,57.0,89.0,59.0,88.0,56.0,13889,JACKSONVILLE,FL
194801-201812,82.0,69.0,81.0,68.0,79.0,66.0,76.0,64.0,76.0,66.0,78.0,69.0,76.0,67.0,77.0,67.0,80.0,70.0,81.0,69.0,82.0,69.0,83.0,70.0,79.0,68.0,12836,KEY WEST,FL
194801-201812,84.0,59.0,83.0,57.0,80.0,55.0,78.0,55.0,79.0,58.0,82.0,65.0,81.0,63.0,83.0,64.0,86.0,66.0,84.0,63.0,83.0,61.0,83.0,60.0,82.0,61.0,12839,MIAMI,FL
195205-201812,87.0,55.0,87.0,53.0,87.0,50.0,85.0,47.0,85.0,49.0,88.0,58.0,90.0,59.0,91.0,61.0,91.0,61.0,88.0,57.0,89.0,56.0,88.0,57.0,88.0,55.0,12815,ORLANDO,FL
194812-201812,82.0,61.0,83.0,59.0,83.0,58.0,86.0,57.0,86.0,58.0,86.0,60.0,88.0,64.0,90.0,64.0,87.0,61.0,84.0,55.0,84.0,57.0,83.0,62.0,85.0,60.0,13899,PENSACOLA,FL
194801-201812,86.0,56.0,86.0,53.0,87.0,49.0,87.0,47.0,87.0,48.0,89.0,55.0,91.0,61.0,92.0,61.0,91.0,58.0,89.0,52.0,88.0,53.0,87.0,57.0,88.0,54.0,93805,TALLAHASSEE,FL
194801-201812,86.0,58.0,86.0,56.0,84.0,54.0,83.0,51.0,82.0,52.0,84.0,60.0,85.0,63.0,88.0,64.0,89.0,62.0,87.0,57.0,86.0,56.0,86.0,59.0,86.0,58.0,12842,TAMPA,FL
194901-201812,88.0,59.0,88.0,57.0,83.0,55.0,81.0,55.0,80.0,59.0,83.0,65.0,85.0,66.0,87.0,66.0,88.0,67.0,84.0,63.0,86.0,61.0,88.0,61.0,85.0,61.0,12843,VERO BEACH,FL
194801-201812,84.0,59.0,84.0,57.0,81.0,55.0,78.0,55.0,79.0,59.0,83.0,65.0,83.0,64.0,84.0,64.0,86.0,66.0,83.0,62.0,83.0,60.0,83.0,60.0,82.0,61.0,12844,WEST PALM BEACH,FL
195509-201812,80.0,56.0,79.0,53.0,80.0,51.0,81.0,49.0,85.0,53.0,85.0,55.0,88.0,57.0,90.0,58.0,90.0,58.0,89.0,53.0,85.0,53.0,82.0,57.0,85.0,54.0,13873,ATHENS,GA
194501-201812,79.0,58.0,77.0,55.0,77.0,52.0,78.0,49.0,81.0,52.0,82.0,55.0,86.0,58.0,87.0,58.0,86.0,57.0,84.0,53.0,81.0,54.0,80.0,59.0,81.0,55.0,13874,ATLANTA,GA
194901-201812,83.0,53.0,83.0,50.0,83.0,48.0,84.0,46.0,84.0,48.0,85.0,52.0,87.0,54.0,90.0,56.0,90.0,55.0,90.0,50.0,88.0,49.0,85.0,53.0,86.0,51.0,03820,AUGUSTA,GA
194801-201812,82.0,57.0,82.0,54.0,83.0,50.0,84.0,47.0,83.0,49.0,84.0,52.0,88.0,56.0,89.0,55.0,87.0,55.0,87.0,51.0,85.0,52.0,84.0,57.0,85.0,53.0,93842,COLUMBUS,GA
194812-201812,83.0,55.0,84.0,52.0,84.0,50.0,85.0,47.0,85.0,48.0,85.0,52.0,88.0,55.0,91.0,55.0,91.0,55.0,89.0,50.0,87.0,50.0,85.0,55.0,86.0,52.0,03813,MACON,GA
195010-201812,83.0,54.0,83.0,51.0,83.0,49.0,83.0,47.0,84.0,51.0,86.0,55.0,87.0,57.0,90.0,60.0,90.0,60.0,88.0,54.0,87.0,52.0,84.0,55.0,86.0,54.0,03822,SAVANNAH,GA
194910-201812,78.0,66.0,79.0,65.0,81.0,66.0,82.0,67.0,81.0,67.0,81.0,66.0,83.0,67.0,83.0,69.0,81.0,67.0,82.0,69.0,83.0,71.0,81.0,69.0,81.0,67.0,21504,HILO,HI
194911-201812,79.0,61.0,77.0,59.0,76.0,58.0,73.0,56.0,70.0,54.0,69.0,53.0,70.0,53.0,71.0,52.0,73.0,54.0,74.0,57.0,76.0,59.0,78.0,61.0,74.0,56.0,22521,HONOLULU,HI
195812-201812,81.0,61.0,80.0,60.0,80.0,60.0,77.0,59.0,75.0,57.0,73.0,56.0,74.0,56.0,74.0,56.0,75.0,56.0,77.0,58.0,79.0,61.0,80.0,62.0,77.0,58.0,22516,KAHULUI,HI
195002-201812,80.0,66.0,80.0,66.0,79.0,66.0,77.0,67.0,76.0,66.0,76.0,66.0,77.0,66.0,77.0,66.0,77.0,65.0,78.0,67.0,80.0,69.0,80.0,68.0,78.0,66.0,22536,LIHUE,HI
194801-201812,79.0,70.0,76.0,58.0,69.0,43.0,65.0,36.0,63.0,33.0,60.0,28.0,49.0,20.0,47.0,22.0,53.0,28.0,62.0,38.0,73.0,59.0,79.0,70.0,64.0,42.0,24131,BOISE,ID
194801-201812,79.0,72.0,77.0,62.0,72.0,50.0,70.0,42.0,69.0,40.0,66.0,36.0,54.0,24.0,52.0,24.0,61.0,31.0,74.0,50.0,80.0,69.0,80.0,74.0,69.0,48.0,24149,LEWISTON,ID
194801-201812,79.0,73.0,78.0,65.0,73.0,51.0,66.0,39.0,66.0,36.0,64.0,31.0,56.0,23.0,55.0,22.0,59.0,28.0,66.0,40.0,75.0,61.0,80.0,74.0,68.0,45.0,24156,POCATELLO,ID
195811-201812,78.0,68.0,78.0,65.0,79.0,60.0,76.0,54.0,77.0,54.0,78.0,55.0,81.0,55.0,85.0,57.0,85.0,56.0,82.0,57.0,80.0,63.0,80.0,70.0,80.0,60.0,94846,CHICAGO,IL
194802-201812,77.0,68.0,78.0,65.0,79.0,59.0,78.0,53.0,80.0,53.0,82.0,55.0,85.0,57.0,89.0,59.0,87.0,55.0,82.0,54.0,79.0,62.0,80.0,69.0,81.0,59.0,14923,MOLINE,IL
194801-201812,80.0,70.0,81.0,66.0,81.0,60.0,78.0,54.0,80.0,56.0,82.0,57.0,86.0,58.0,89.0,60.0,87.0,56.0,84.0,56.0,82.0,64.0,83.0,71.0,83.0,61.0,14842,PEORIA,IL
195103-201812,80.0,71.0,81.0,67.0,81.0,61.0,79.0,53.0,80.0,54.0,82.0,55.0,86.0,56.0,90.0,58.0,89.0,56.0,85.0,56.0,83.0,65.0,83.0,72.0,83.0,60.0,94822,ROCKFORD,IL
194801-201812,80.0,69.0,81.0,67.0,81.0,61.0,79.0,55.0,81.0,54.0,83.0,55.0,86.0,58.0,90.0,59.0,88.0,53.0,84.0,54.0,81.0,63.0,82.0,70.0,83.0,60.0,93822,SPRINGFIELD,IL
194801-201812,79.0,67.0,79.0,64.0,79.0,59.0,79.0,54.0,83.0,55.0,83.0,55.0,86.0,57.0,88.0,56.0,89.0,54.0,85.0,53.0,81.0,60.0,81.0,68.0,83.0,58.0,93817,EVANSVILLE,IN
194801-201812,82.0,72.0,82.0,69.0,81.0,62.0,78.0,55.0,77.0,54.0,79.0,54.0,82.0,55.0,87.0,57.0,87.0,55.0,85.0,56.0,83.0,66.0,84.0,74.0,82.0,61.0,14827,FORT WAYNE,IN
194801-201812,81.0,70.0,81.0,66.0,79.0,59.0,77.0,55.0,79.0,56.0,80.0,56.0,83.0,58.0,86.0,58.0,86.0,55.0,85.0,55.0,83.0,63.0,83.0,71.0,82.0,60.0,93819,INDIANAPOLIS,IN
194801-201812,82.0,73.0,82.0,69.0,80.0,61.0,76.0,54.0,76.0,54.0,78.0,55.0,81.0,56.0,86.0,58.0,86.0,56.0,84.0,58.0,82.0,66.0,83.0,74.0,81.0,61.0,14848,SOUTH BEND,IN
194501-201812,78.0,68.0,79.0,66.0,79.0,60.0,77.0,54.0,79.0,55.0,81.0,57.0,84.0,58.0,86.0,59.0,85.0,57.0,80.0,55.0,79.0,62.0,80.0,70.0,81.0,60.0,14933,DES MOINES,IA
195102-201812,80.0,71.0,80.0,68.0,80.0,63.0,78.0,56.0,80.0,57.0,83.0,60.0,87.0,61.0,89.0,62.0,88.0,60.0,83.0,58.0,82.0,65.0,83.0,73.0,83.0,63.0,94908,DUBUQUE,IA
194801-201812,78.0,69.0,80.0,67.0,81.0,62.0,79.0,52.0,80.0,53.0,83.0,56.0,87.0,59.0,89.0,61.0,87.0,56.0,82.0,54.0,81.0,62.0,81.0,70.0,82.0,60.0,14943,SIOUX CITY,IA
194901-201812,79.0,71.0,81.0,69.0,83.0,63.0,82.0,55.0,82.0,55.0,85.0,56.0,88.0,59.0,91.0,60.0,90.0,57.0,84.0,57.0,83.0,65.0,83.0,73.0,84.0,62.0,94910,WATERLOO,IA
194801-201812,78.0,63.0,79.0,61.0,79.0,55.0,80.0,54.0,84.0,57.0,85.0,54.0,83.0,52.0,85.0,55.0,84.0,54.0,80.0,52.0,80.0,59.0,80.0,64.0,81.0,57.0,13984,CONCORDIA,KS
194801-201812,76.0,57.0,77.0,55.0,76.0,50.0,76.0,46.0,82.0,50.0,80.0,47.0,78.0,45.0,80.0,47.0,79.0,47.0,76.0,46.0,76.0,50.0,76.0,56.0,78.0,50.0,13985,DODGE CITY,KS
194801-201812,70.0,61.0,72.0,56.0,71.0,48.0,71.0,43.0,76.0,47.0,74.0,42.0,73.0,40.0,75.0,42.0,71.0,42.0,68.0,47.0,69.0,58.0,70.0,62.0,72.0,49.0,23065,GOODLAND,KS
194801-201812,78.0,63.0,78.0,60.0,79.0,55.0,80.0,53.0,85.0,57.0,86.0,58.0,86.0,58.0,87.0,57.0,88.0,55.0,83.0,53.0,80.0,57.0,80.0,63.0,82.0,58.0,13996,TOPEKA,KS
195401-201812,79.0,61.0,79.0,59.0,77.0,54.0,79.0,53.0,84.0,57.0,84.0,53.0,80.0,50.0,81.0,51.0,82.0,53.0,80.0,53.0,79.0,57.0,80.0,62.0,80.0,55.0,03928,WICHITA,KS
198101-201812,77.0,63.0,75.0,59.0,72.0,53.0,70.0,48.0,81.0,57.0,84.0,61.0,88.0,64.0,89.0,62.0,87.0,59.0,82.0,55.0,75.0,55.0,78.0,64.0,80.0,58.0,03889,JACKSON,KY
194801-201812,81.0,68.0,80.0,63.0,77.0,57.0,75.0,54.0,79.0,56.0,81.0,57.0,83.0,58.0,85.0,57.0,85.0,55.0,83.0,55.0,80.0,60.0,82.0,67.0,81.0,59.0,93820,LEXINGTON,KY
194801-201812,78.0,64.0,77.0,60.0,75.0,55.0,74.0,50.0,79.0,54.0,80.0,55.0,81.0,56.0,84.0,55.0,85.0,54.0,83.0,53.0,79.0,58.0,79.0,64.0,79.0,56.0,93821,LOUISVILLE,KY
194909-201812,80.0,66.0,80.0,62.0,79.0,57.0,80.0,53.0,85.0,56.0,86.0,56.0,88.0,58.0,90.0,56.0,90.0,53.0,86.0,52.0,81.0,57.0,82.0,65.0,84.0,58.0,03816,PADUCAH,KY
194807-201812,85.0,62.0,85.0,60.0,86.0,56.0,89.0,55.0,91.0,56.0,92.0,59.0,92.0,62.0,93.0,61.0,92.0,59.0,90.0,54.0,88.0,57.0,86.0,62.0,89.0,59.0,13970,BATON ROUGE,LA
196111-201812,87.0,66.0,87.0,64.0,89.0,61.0,90.0,60.0,92.0,61.0,92.0,62.0,93.0,63.0,93.0,62.0,92.0,61.0,90.0,56.0,89.0,60.0,88.0,65.0,90.0,62.0,03937,LAKE CHARLES,LA
194807-201812,84.0,65.0,84.0,63.0,84.0,60.0,87.0,59.0,88.0,59.0,89.0,63.0,90.0,65.0,91.0,65.0,88.0,64.0,87.0,59.0,86.0,61.0,85.0,65.0,87.0,62.0,12916,NEW ORLEANS,LA
194807-201812,83.0,62.0,83.0,60.0,83.0,56.0,87.0,56.0,90.0,58.0,90.0,58.0,90.0,56.0,90.0,54.0,89.0,55.0,88.0,54.0,87.0,58.0,85.0,62.0,87.0,58.0,13957,SHREVEPORT,LA
194801-201812,76.0,66.0,76.0,62.0,75.0,59.0,74.0,55.0,73.0,52.0,77.0,56.0,81.0,58.0,84.0,59.0,86.0,60.0,85.0,62.0,84.0,70.0,81.0,71.0,79.0,61.0,14607,CARIBOU,ME
194801-201812,75.0,59.0,74.0,57.0,73.0,57.0,71.0,54.0,74.0,58.0,77.0,61.0,79.0,60.0,82.0,59.0,84.0,61.0,83.0,59.0,81.0,61.0,78.0,61.0,78.0,59.0,14764,PORTLAND,ME
194901-201812,73.0,56.0,72.0,53.0,71.0,50.0,71.0,48.0,76.0,53.0,77.0,52.0,78.0,52.0,82.0,55.0,84.0,55.0,83.0,54.0,78.0,54.0,75.0,57.0,77.0,53.0,93721,BALTIMORE,MD
199810-200902,75.0,60.0,71.0,52.0,72.0,53.0,69.0,49.0,74.0,55.0,80.0,61.0,81.0,59.0,82.0,59.0,84.0,62.0,82.0,59.0,78.0,59.0,75.0,60.0,77.0,57.0,14753,BLUE HILL,MA
194501-201812,69.0,58.0,68.0,56.0,68.0,56.0,67.0,55.0,70.0,58.0,72.0,58.0,72.0,56.0,76.0,58.0,78.0,59.0,76.0,57.0,74.0,58.0,70.0,58.0,72.0,57.0,14739,BOSTON,MA
194901-201812,73.0,61.0,73.0,58.0,71.0,55.0,68.0,49.0,70.0,52.0,74.0,57.0,76.0,57.0,79.0,58.0,81.0,60.0,79.0,57.0,77.0,60.0,76.0,63.0,75.0,57.0,94746,WORCESTER,MA
195909-201812,82.0,71.0,81.0,65.0,82.0,60.0,78.0,53.0,76.0,52.0,80.0,54.0,83.0,54.0,88.0,58.0,90.0,60.0,87.0,62.0,84.0,68.0,83.0,73.0,83.0,61.0,94849,ALPENA,MI
195812-201812,80.0,69.0,79.0,64.0,78.0,58.0,75.0,53.0,76.0,53.0,77.0,54.0,80.0,53.0,84.0,56.0,86.0,56.0,84.0,57.0,81.0,64.0,81.0,70.0,80.0,59.0,94847,DETROIT,MI
194812-201812,81.0,72.0,80.0,67.0,80.0,61.0,77.0,54.0,76.0,53.0,78.0,55.0,82.0,54.0,87.0,57.0,88.0,57.0,85.0,59.0,82.0,66.0,82.0,72.0,82.0,61.0,14826,FLINT,MI
196312-201812,82.0,73.0,81.0,68.0,80.0,61.0,77.0,55.0,77.0,53.0,80.0,55.0,82.0,55.0,87.0,58.0,88.0,59.0,85.0,61.0,82.0,68.0,83.0,74.0,82.0,62.0,94860,GRAND RAPIDS,MI
196404-201812,84.0,73.0,83.0,67.0,83.0,60.0,79.0,53.0,76.0,50.0,80.0,54.0,84.0,54.0,89.0,58.0,91.0,61.0,88.0,64.0,86.0,71.0,85.0,76.0,84.0,62.0,94814,HOUGHTON LAKE,MI
194801-201812,83.0,73.0,82.0,68.0,82.0,62.0,78.0,56.0,77.0,54.0,79.0,55.0,83.0,55.0,88.0,58.0,89.0,59.0,86.0,60.0,84.0,67.0,84.0,74.0,83.0,62.0,14836,LANSING,MI
194801-201812,81.0,75.0,80.0,70.0,79.0,63.0,76.0,56.0,75.0,55.0,79.0,58.0,82.0,58.0,87.0,61.0,87.0,61.0,83.0,63.0,80.0,69.0,81.0,75.0,81.0,64.0,14840,MUSKEGON,MI
194801-201812,80.0,73.0,80.0,69.0,80.0,64.0,78.0,58.0,77.0,54.0,83.0,60.0,87.0,61.0,90.0,63.0,91.0,65.0,88.0,67.0,85.0,74.0,83.0,76.0,84.0,65.0,14847,SAULT STE. MARIE,MI
194801-201812,78.0,70.0,78.0,66.0,79.0,63.0,77.0,56.0,77.0,54.0,82.0,60.0,86.0,60.0,89.0,62.0,88.0,64.0,84.0,63.0,82.0,70.0,81.0,74.0,82.0,63.0,14913,DULUTH,MN
194801-201812,76.0,70.0,76.0,64.0,77.0,59.0,77.0,51.0,78.0,50.0,84.0,57.0,89.0,58.0,92.0,60.0,91.0,63.0,86.0,64.0,84.0,72.0,81.0,75.0,83.0,62.0,14918,INTERNATIONAL FALLS,
194501-201812,77.0,68.0,77.0,65.0,77.0,61.0,74.0,51.0,75.0,51.0,79.0,54.0,81.0,54.0,84.0,56.0,84.0,58.0,80.0,58.0,80.0,65.0,79.0,71.0,79.0,59.0,14922,MINNEAPOLIS-ST.PAUL,
194801-201812,81.0,74.0,81.0,72.0,82.0,68.0,80.0,57.0,80.0,56.0,83.0,58.0,87.0,60.0,89.0,62.0,88.0,60.0,83.0,59.0,83.0,69.0,83.0,76.0,83.0,64.0,14925,ROCHESTER,MN
194801-201812,79.0,70.0,79.0,67.0,81.0,63.0,80.0,51.0,80.0,50.0,85.0,55.0,88.0,55.0,91.0,58.0,90.0,58.0,85.0,58.0,83.0,67.0,82.0,72.0,84.0,60.0,14926,SAINT CLOUD,MN
196307-201812,85.0,62.0,86.0,59.0,86.0,55.0,89.0,54.0,91.0,55.0,91.0,56.0,93.0,58.0,93.0,57.0,93.0,56.0,92.0,53.0,89.0,57.0,87.0,62.0,90.0,57.0,03940,JACKSON,MS
194807-201812,87.0,60.0,87.0,57.0,88.0,53.0,91.0,51.0,92.0,54.0,92.0,55.0,93.0,58.0,93.0,56.0,92.0,55.0,92.0,52.0,89.0,54.0,88.0,60.0,90.0,55.0,13865,MERIDIAN,MS
198307-201812,81.0,62.0,82.0,59.0,81.0,54.0,84.0,52.0,87.0,55.0,88.0,56.0,89.0,57.0,91.0,55.0,90.0,54.0,89.0,53.0,85.0,57.0,83.0,63.0,86.0,57.0,93862,TUPELO,MS
196911-201812,80.0,66.0,80.0,63.0,79.0,58.0,79.0,55.0,85.0,60.0,87.0,60.0,88.0,58.0,89.0,58.0,88.0,57.0,85.0,57.0,81.0,62.0,82.0,68.0,84.0,60.0,03945,COLUMBIA,MO
197210-201812,78.0,64.0,78.0,62.0,78.0,57.0,77.0,56.0,83.0,59.0,85.0,60.0,85.0,59.0,86.0,59.0,86.0,58.0,81.0,56.0,79.0,61.0,79.0,65.0,81.0,60.0,03947,KANSAS CITY,MO
194501-201812,79.0,65.0,79.0,62.0,78.0,57.0,76.0,53.0,80.0,55.0,81.0,55.0,82.0,55.0,85.0,55.0,85.0,54.0,82.0,54.0,79.0,59.0,80.0,66.0,81.0,58.0,13994,ST. LOUIS,MO
194801-201812,79.0,63.0,79.0,60.0,79.0,57.0,79.0,55.0,85.0,60.0,87.0,60.0,87.0,57.0,88.0,55.0,87.0,56.0,83.0,55.0,80.0,59.0,80.0,64.0,83.0,58.0,13995,SPRINGFIELD,MO
194801-201812,64.0,58.0,64.0,53.0,66.0,48.0,65.0,43.0,66.0,43.0,66.0,40.0,58.0,31.0,56.0,30.0,60.0,37.0,61.0,45.0,63.0,54.0,63.0,57.0,63.0,45.0,24033,BILLINGS,MT
195510-201812,77.0,75.0,79.0,73.0,77.0,59.0,69.0,42.0,68.0,40.0,70.0,41.0,66.0,33.0,62.0,31.0,66.0,38.0,70.0,49.0,76.0,66.0,78.0,75.0,72.0,52.0,94008,GLASGOW,MT
194801-201812,65.0,61.0,66.0,56.0,66.0,50.0,65.0,42.0,66.0,41.0,67.0,41.0,60.0,30.0,58.0,29.0,62.0,37.0,61.0,46.0,62.0,56.0,64.0,61.0,63.0,46.0,24143,GREAT FALLS,MT
196102-201812,74.0,70.0,75.0,66.0,73.0,54.0,68.0,41.0,67.0,39.0,68.0,39.0,63.0,30.0,60.0,30.0,66.0,37.0,68.0,48.0,72.0,64.0,73.0,70.0,69.0,49.0,94012,HAVRE,MT
194801-201812,71.0,64.0,71.0,56.0,68.0,47.0,66.0,40.0,67.0,39.0,67.0,39.0,61.0,29.0,61.0,29.0,66.0,35.0,69.0,45.0,71.0,58.0,72.0,66.0,67.0,46.0,24144,HELENA,MT
194801-201812,81.0,77.0,80.0,68.0,76.0,55.0,72.0,44.0,73.0,43.0,77.0,45.0,74.0,35.0,72.0,34.0,75.0,42.0,80.0,56.0,81.0,73.0,83.0,80.0,77.0,54.0,24146,KALISPELL,MT
194801-201812,84.0,76.0,82.0,66.0,78.0,52.0,74.0,42.0,75.0,42.0,76.0,42.0,68.0,29.0,67.0,29.0,74.0,37.0,80.0,51.0,83.0,71.0,85.0,79.0,77.0,51.0,24153,MISSOULA,MT
194801-201812,78.0,64.0,80.0,62.0,80.0,57.0,79.0,51.0,83.0,54.0,83.0,52.0,84.0,54.0,86.0,55.0,84.0,51.0,80.0,49.0,79.0,56.0,79.0,63.0,81.0,56.0,14935,GRAND ISLAND,NE
194801-201812,79.0,65.0,80.0,64.0,80.0,58.0,79.0,52.0,83.0,55.0,83.0,54.0,84.0,54.0,87.0,56.0,85.0,53.0,81.0,52.0,80.0,57.0,80.0,64.0,82.0,57.0,14939,LINCOLN,NE
194801-201812,77.0,64.0,79.0,64.0,81.0,59.0,79.0,50.0,81.0,51.0,83.0,53.0,85.0,54.0,87.0,56.0,84.0,52.0,80.0,50.0,79.0,58.0,79.0,66.0,81.0,56.0,14941,NORFOLK,NE
194801-201812,80.0,61.0,81.0,59.0,82.0,53.0,81.0,48.0,85.0,52.0,85.0,52.0,85.0,51.0,87.0,52.0,84.0,48.0,83.0,47.0,82.0,53.0,81.0,59.0,83.0,53.0,24023,NORTH PLATTE,NE
194801-201812,79.0,66.0,80.0,64.0,79.0,58.0,77.0,52.0,81.0,54.0,83.0,56.0,85.0,57.0,87.0,59.0,86.0,56.0,81.0,54.0,80.0,60.0,80.0,67.0,81.0,59.0,14942,OMAHA,NE
194801-201812,70.0,59.0,71.0,52.0,70.0,45.0,70.0,42.0,74.0,44.0,73.0,41.0,73.0,38.0,74.0,40.0,72.0,40.0,70.0,44.0,70.0,54.0,71.0,60.0,72.0,47.0,24028,SCOTTSBLUFF,NE
197609-201812,76.0,61.0,78.0,59.0,79.0,53.0,78.0,48.0,80.0,47.0,81.0,48.0,81.0,45.0,83.0,46.0,79.0,44.0,78.0,46.0,77.0,52.0,76.0,59.0,79.0,51.0,24032,VALENTINE,NE
194801-201812,77.0,62.0,75.0,54.0,71.0,42.0,66.0,34.0,64.0,30.0,58.0,24.0,48.0,18.0,47.0,18.0,52.0,21.0,61.0,29.0,71.0,49.0,76.0,63.0,64.0,37.0,24121,ELKO,NV
195301-201812,71.0,57.0,71.0,51.0,66.0,41.0,62.0,34.0,60.0,30.0,50.0,22.0,46.0,21.0,49.0,22.0,52.0,23.0,58.0,32.0,65.0,46.0,69.0,56.0,60.0,36.0,23154,ELY,NV
194812-201812,52.0,32.0,48.0,27.0,40.0,21.0,32.0,16.0,28.0,13.0,21.0,10.0,27.0,15.0,31.0,17.0,30.0,16.0,34.0,19.0,43.0,26.0,50.0,32.0,36.0,20.0,23169,LAS VEGAS,NV
194901-201812,75.0,51.0,71.0,41.0,64.0,33.0,60.0,28.0,59.0,26.0,56.0,21.0,54.0,18.0,55.0,18.0,59.0,21.0,64.0,27.0,70.0,40.0,74.0,51.0,63.0,31.0,23185,RENO,NV
194909-201812,76.0,59.0,73.0,48.0,67.0,37.0,62.0,30.0,58.0,27.0,52.0,21.0,40.0,15.0,40.0,16.0,47.0,20.0,58.0,29.0,70.0,47.0,76.0,60.0,60.0,34.0,24128,WINNEMUCCA,NV
194801-201812,76.0,58.0,76.0,54.0,75.0,52.0,73.0,45.0,74.0,47.0,78.0,51.0,81.0,51.0,85.0,52.0,88.0,54.0,86.0,53.0,83.0,58.0,80.0,61.0,80.0,53.0,14745,CONCORD,NH
201501   -,,,,,,,,,,,,,,,,,,,,,,,,,,,14755,MT. WASHINGTON,NH
195806-201812,77.0,58.0,77.0,55.0,75.0,53.0,74.0,51.0,77.0,55.0,79.0,56.0,81.0,57.0,84.0,58.0,86.0,58.0,86.0,56.0,82.0,56.0,79.0,59.0,80.0,56.0,93730,ATLANTIC CITY,NJ
194801-201812,72.0,57.0,70.0,53.0,68.0,50.0,65.0,47.0,69.0,51.0,70.0,51.0,71.0,51.0,75.0,52.0,77.0,54.0,77.0,52.0,75.0,54.0,73.0,57.0,72.0,53.0,14734,NEWARK,NJ
194807-201812,62.0,40.0,58.0,32.0,49.0,24.0,43.0,19.0,42.0,19.0,40.0,17.0,54.0,28.0,59.0,30.0,55.0,29.0,55.0,30.0,57.0,34.0,63.0,43.0,53.0,29.0,23050,ALBUQUERQUE,NM
194807-201812,58.0,47.0,59.0,42.0,57.0,36.0,57.0,33.0,62.0,35.0,62.0,34.0,67.0,40.0,68.0,43.0,65.0,42.0,58.0,43.0,57.0,47.0,57.0,52.0,61.0,41.0,23051,CLAYTON,NM
194901-201812,62.0,40.0,58.0,33.0,50.0,25.0,46.0,22.0,51.0,23.0,55.0,24.0,61.0,31.0,64.0,34.0,65.0,38.0,62.0,37.0,60.0,39.0,62.0,43.0,58.0,32.0,23009,ROSWELL,NM
194501-201812,77.0,63.0,76.0,59.0,75.0,54.0,71.0,48.0,73.0,51.0,76.0,54.0,79.0,54.0,84.0,56.0,87.0,57.0,85.0,57.0,81.0,61.0,79.0,65.0,79.0,57.0,14735,ALBANY,NY
194801-201812,80.0,70.0,79.0,65.0,78.0,61.0,75.0,55.0,78.0,55.0,82.0,59.0,84.0,58.0,88.0,59.0,89.0,63.0,85.0,61.0,82.0,67.0,82.0,72.0,82.0,62.0,04725,BINGHAMTON,NY
194601-201812,79.0,72.0,79.0,69.0,79.0,64.0,75.0,57.0,74.0,55.0,77.0,57.0,78.0,55.0,82.0,57.0,83.0,59.0,81.0,60.0,79.0,67.0,80.0,71.0,79.0,62.0,14733,BUFFALO,NY
197401-201812,74.0,59.0,73.0,56.0,72.0,55.0,70.0,52.0,73.0,57.0,76.0,59.0,76.0,59.0,79.0,60.0,82.0,61.0,81.0,58.0,78.0,58.0,75.0,59.0,76.0,58.0,04781,ISLIP,NY
196501-201812,67.0,56.0,65.0,53.0,65.0,50.0,64.0,47.0,71.0,53.0,73.0,56.0,73.0,54.0,75.0,55.0,77.0,57.0,75.0,55.0,71.0,56.0,68.0,58.0,70.0,54.0,94728,NEW YORK Central Par,
194807-201812,71.0,59.0,70.0,57.0,69.0,55.0,69.0,54.0,72.0,58.0,74.0,60.0,74.0,58.0,76.0,59.0,78.0,59.0,77.0,57.0,75.0,58.0,72.0,59.0,73.0,58.0,94789,NEW YORK JFK AP,NY
194807-201812,67.0,57.0,66.0,54.0,66.0,52.0,66.0,50.0,70.0,52.0,71.0,53.0,71.0,52.0,74.0,54.0,75.0,56.0,73.0,55.0,70.0,56.0,68.0,58.0,70.0,54.0,14732,NEW YORK Laguardia A,
194801-201812,79.0,69.0,80.0,67.0,79.0,62.0,76.0,55.0,76.0,53.0,78.0,55.0,81.0,54.0,85.0,56.0,87.0,59.0,85.0,60.0,81.0,66.0,81.0,71.0,80.0,61.0,14768,ROCHESTER,NY
194501-201812,78.0,68.0,78.0,65.0,78.0,60.0,74.0,53.0,75.0,53.0,77.0,55.0,78.0,55.0,83.0,56.0,85.0,59.0,84.0,59.0,80.0,65.0,79.0,70.0,79.0,60.0,14771,SYRACUSE,NY
194801-201812,83.0,57.0,82.0,54.0,82.0,51.0,82.0,48.0,88.0,54.0,90.0,57.0,92.0,60.0,94.0,60.0,94.0,59.0,91.0,54.0,86.0,53.0,84.0,57.0,87.0,55.0,03812,ASHEVILLE,NC
195703-201812,79.0,67.0,79.0,65.0,78.0,63.0,77.0,61.0,80.0,66.0,81.0,68.0,84.0,70.0,84.0,69.0,82.0,68.0,80.0,65.0,81.0,65.0,80.0,67.0,81.0,66.0,93729,CAPE HATTERAS,NC
194801-201812,78.0,54.0,76.0,51.0,76.0,49.0,76.0,46.0,80.0,51.0,81.0,53.0,84.0,55.0,87.0,56.0,87.0,56.0,86.0,52.0,83.0,51.0,79.0,54.0,81.0,52.0,13881,CHARLOTTE,NC
194807-201812,78.0,54.0,76.0,51.0,76.0,49.0,75.0,46.0,80.0,53.0,82.0,54.0,85.0,57.0,88.0,58.0,88.0,58.0,86.0,53.0,81.0,51.0,79.0,54.0,81.0,53.0,13723,GREENSBORO-WNSTN-SAL,
194807-201812,79.0,53.0,78.0,51.0,78.0,48.0,78.0,46.0,83.0,53.0,84.0,54.0,86.0,56.0,89.0,58.0,90.0,57.0,89.0,53.0,84.0,51.0,81.0,54.0,83.0,53.0,13722,RALEIGH,NC
194801-201812,81.0,56.0,81.0,53.0,81.0,52.0,79.0,49.0,82.0,55.0,83.0,59.0,85.0,62.0,88.0,64.0,89.0,62.0,88.0,56.0,85.0,54.0,83.0,56.0,84.0,56.0,13748,WILMINGTON,NC
194801-201812,77.0,71.0,79.0,69.0,82.0,64.0,80.0,50.0,80.0,49.0,84.0,53.0,85.0,49.0,85.0,48.0,83.0,50.0,80.0,53.0,81.0,65.0,80.0,71.0,81.0,58.0,24011,BISMARCK,ND
194801-201812,76.0,72.0,78.0,72.0,82.0,69.0,79.0,55.0,76.0,50.0,82.0,56.0,86.0,55.0,87.0,55.0,85.0,56.0,80.0,59.0,81.0,69.0,79.0,74.0,81.0,62.0,14914,FARGO,ND
194812-201812,77.0,74.0,80.0,74.0,83.0,71.0,82.0,57.0,80.0,51.0,84.0,56.0,88.0,56.0,90.0,55.0,88.0,56.0,83.0,59.0,83.0,71.0,81.0,76.0,83.0,63.0,14916,GRAND FORKS,ND
196201-201812,80.0,74.0,82.0,72.0,83.0,64.0,80.0,50.0,79.0,48.0,82.0,50.0,82.0,46.0,80.0,45.0,81.0,49.0,80.0,55.0,82.0,68.0,81.0,74.0,81.0,58.0,94014,WILLISTON,ND
194807-201812,81.0,70.0,80.0,67.0,79.0,61.0,76.0,54.0,77.0,55.0,80.0,56.0,82.0,56.0,86.0,57.0,87.0,58.0,84.0,58.0,81.0,64.0,81.0,71.0,81.0,60.0,14895,AKRON,OH
194801-201812,80.0,68.0,79.0,64.0,77.0,58.0,75.0,53.0,79.0,55.0,81.0,56.0,84.0,57.0,86.0,56.0,87.0,55.0,84.0,55.0,80.0,61.0,81.0,68.0,81.0,59.0,93814,CINCINNATI,OH
194801-201812,79.0,70.0,79.0,67.0,78.0,62.0,75.0,56.0,76.0,56.0,77.0,57.0,80.0,56.0,83.0,58.0,83.0,58.0,80.0,59.0,78.0,64.0,79.0,70.0,79.0,61.0,14820,CLEVELAND,OH
194801-201812,78.0,68.0,78.0,64.0,76.0,57.0,75.0,52.0,78.0,53.0,79.0,54.0,82.0,55.0,85.0,55.0,86.0,55.0,83.0,55.0,80.0,61.0,80.0,68.0,80.0,58.0,14821,COLUMBUS,OH
194801-201812,80.0,70.0,80.0,66.0,79.0,60.0,76.0,54.0,77.0,55.0,79.0,55.0,82.0,55.0,85.0,55.0,86.0,54.0,83.0,55.0,81.0,63.0,82.0,71.0,81.0,60.0,93815,DAYTON,OH
194812-201812,83.0,73.0,82.0,70.0,81.0,64.0,77.0,57.0,78.0,56.0,80.0,58.0,82.0,57.0,86.0,59.0,87.0,59.0,84.0,58.0,82.0,66.0,84.0,74.0,82.0,63.0,14891,MANSFIELD,OH
195502-201812,81.0,70.0,81.0,66.0,80.0,59.0,78.0,53.0,78.0,52.0,80.0,53.0,83.0,54.0,89.0,57.0,89.0,56.0,85.0,56.0,83.0,65.0,83.0,72.0,83.0,59.0,94830,TOLEDO,OH
194801-201812,81.0,71.0,80.0,67.0,79.0,62.0,76.0,55.0,78.0,54.0,81.0,56.0,84.0,56.0,87.0,57.0,88.0,59.0,85.0,59.0,81.0,65.0,82.0,72.0,82.0,61.0,14852,YOUNGSTOWN,OH
194501-201812,78.0,59.0,78.0,57.0,76.0,53.0,78.0,52.0,84.0,58.0,85.0,57.0,82.0,51.0,82.0,50.0,83.0,54.0,80.0,53.0,79.0,54.0,78.0,58.0,80.0,55.0,13967,OKLAHOMA CITY,OK
194807-201812,78.0,60.0,77.0,57.0,76.0,53.0,78.0,52.0,85.0,58.0,85.0,58.0,82.0,54.0,83.0,53.0,85.0,55.0,82.0,53.0,79.0,55.0,78.0,59.0,81.0,56.0,13968,TULSA,OK
194904-201812,86.0,79.0,85.0,74.0,86.0,72.0,86.0,70.0,87.0,70.0,87.0,71.0,87.0,70.0,88.0,71.0,87.0,71.0,88.0,74.0,86.0,79.0,86.0,81.0,86.0,73.0,94224,ASTORIA,OR
198002-201812,83.0,77.0,79.0,67.0,71.0,50.0,64.0,39.0,61.0,36.0,58.0,30.0,47.0,20.0,44.0,19.0,50.0,24.0,62.0,40.0,75.0,64.0,82.0,78.0,65.0,45.0,94185,BURNS,OR
194801-201812,90.0,82.0,89.0,73.0,88.0,65.0,86.0,59.0,85.0,56.0,83.0,50.0,79.0,38.0,80.0,39.0,82.0,44.0,88.0,62.0,91.0,80.0,91.0,85.0,86.0,61.0,24221,EUGENE,OR
194801-201812,90.0,71.0,86.0,57.0,83.0,50.0,79.0,43.0,77.0,39.0,73.0,33.0,67.0,25.0,67.0,26.0,72.0,29.0,82.0,44.0,89.0,67.0,91.0,76.0,80.0,47.0,24225,MEDFORD,OR
193801-201812,81.0,76.0,78.0,66.0,71.0,51.0,68.0,43.0,66.0,38.0,62.0,33.0,50.0,23.0,50.0,25.0,58.0,31.0,69.0,48.0,78.0,70.0,81.0,78.0,68.0,48.0,24155,PENDLETON,OR
194801-201812,84.0,76.0,84.0,66.0,83.0,60.0,82.0,55.0,80.0,53.0,79.0,50.0,77.0,44.0,78.0,44.0,82.0,48.0,86.0,62.0,86.0,74.0,85.0,78.0,82.0,59.0,24229,PORTLAND,OR
194801-201812,87.0,77.0,87.0,69.0,85.0,62.0,84.0,56.0,83.0,53.0,82.0,49.0,80.0,39.0,80.0,39.0,82.0,44.0,87.0,61.0,88.0,77.0,88.0,81.0,84.0,59.0,24232,SALEM,OR
194801-201812,76.0,74.0,78.0,73.0,82.0,73.0,80.0,66.0,74.0,56.0,71.0,50.0,64.0,41.0,63.0,42.0,61.0,46.0,69.0,63.0,77.0,75.0,78.0,78.0,73.0,61.0,24235,SEXTON SUMMIT,OR
194801-201812,76.0,61.0,75.0,57.0,74.0,52.0,72.0,49.0,76.0,52.0,78.0,54.0,80.0,53.0,84.0,55.0,87.0,56.0,86.0,55.0,81.0,58.0,78.0,62.0,79.0,55.0,14737,ALLENTOWN,PA
194801-201812,78.0,72.0,78.0,71.0,77.0,67.0,74.0,61.0,74.0,61.0,76.0,63.0,77.0,63.0,80.0,63.0,80.0,63.0,77.0,63.0,75.0,66.0,77.0,71.0,77.0,65.0,14860,ERIE,PA
194901-201812,74.0,60.0,74.0,57.0,72.0,54.0,71.0,50.0,74.0,53.0,75.0,53.0,76.0,53.0,81.0,55.0,83.0,57.0,83.0,56.0,79.0,58.0,76.0,62.0,77.0,56.0,14711,MIDDLETOWN/HARRISBUR,
194101-201812,73.0,58.0,72.0,54.0,71.0,51.0,70.0,48.0,74.0,52.0,75.0,52.0,77.0,52.0,80.0,54.0,82.0,54.0,81.0,54.0,77.0,55.0,74.0,58.0,76.0,54.0,13739,PHILADELPHIA,PA
195209-201812,77.0,66.0,76.0,62.0,76.0,56.0,72.0,50.0,76.0,52.0,79.0,53.0,82.0,54.0,85.0,55.0,86.0,56.0,83.0,55.0,78.0,60.0,78.0,66.0,79.0,57.0,94823,PITTSBURGH,PA
194901-201812,76.0,65.0,75.0,61.0,73.0,56.0,71.0,50.0,75.0,52.0,80.0,55.0,81.0,54.0,84.0,57.0,86.0,59.0,84.0,57.0,79.0,62.0,78.0,66.0,78.0,58.0,14777,AVOCA,PA
194807-201812,76.0,61.0,76.0,57.0,75.0,52.0,74.0,48.0,79.0,51.0,82.0,54.0,85.0,54.0,88.0,56.0,90.0,58.0,87.0,57.0,81.0,60.0,78.0,63.0,81.0,56.0,14778,WILLIAMSPORT,PA
194801-201812,71.0,57.0,71.0,54.0,70.0,52.0,69.0,49.0,72.0,54.0,75.0,56.0,76.0,56.0,79.0,56.0,82.0,57.0,80.0,55.0,77.0,56.0,74.0,58.0,75.0,55.0,14765,PROVIDENCE,RI
201501   -,,,,,,,,,,,,,,,,,,,,,,,,,,,13782,CHARLESTON,SC
194801-201812,82.0,52.0,82.0,49.0,82.0,47.0,81.0,43.0,82.0,47.0,83.0,50.0,86.0,52.0,89.0,54.0,89.0,54.0,89.0,50.0,87.0,49.0,84.0,52.0,84.0,50.0,13883,COLUMBIA,SC
196210-201812,76.0,53.0,75.0,50.0,75.0,49.0,76.0,47.0,81.0,52.0,82.0,53.0,85.0,55.0,87.0,57.0,87.0,57.0,85.0,52.0,81.0,51.0,78.0,55.0,81.0,53.0,03870,GREENVILLE-SPARTANBU,
194801-201812,78.0,72.0,80.0,71.0,83.0,67.0,82.0,53.0,81.0,51.0,85.0,56.0,87.0,54.0,89.0,54.0,86.0,53.0,82.0,55.0,82.0,66.0,81.0,73.0,83.0,61.0,14929,ABERDEEN,SD
194001-201812,79.0,70.0,81.0,70.0,84.0,65.0,83.0,54.0,84.0,54.0,86.0,57.0,87.0,53.0,89.0,54.0,86.0,53.0,82.0,54.0,82.0,64.0,81.0,71.0,84.0,60.0,14936,HURON,SD
195011-201812,67.0,64.0,69.0,62.0,70.0,55.0,69.0,48.0,71.0,49.0,72.0,50.0,68.0,42.0,66.0,39.0,63.0,41.0,63.0,49.0,65.0,60.0,67.0,65.0,68.0,52.0,24090,RAPID CITY,SD
194801-201812,77.0,69.0,80.0,67.0,81.0,64.0,80.0,53.0,81.0,53.0,83.0,56.0,85.0,55.0,87.0,57.0,85.0,55.0,81.0,55.0,81.0,62.0,80.0,70.0,82.0,60.0,14944,SIOUX FALLS,SD
194801-201812,82.0,62.0,81.0,58.0,80.0,52.0,80.0,49.0,86.0,53.0,87.0,56.0,90.0,59.0,92.0,58.0,91.0,55.0,90.0,52.0,85.0,55.0,83.0,62.0,86.0,56.0,13877,BRISTOL-JHNSN CTY-KN,
194801-201812,81.0,60.0,81.0,56.0,81.0,52.0,82.0,48.0,86.0,53.0,87.0,55.0,88.0,56.0,89.0,56.0,90.0,56.0,89.0,53.0,85.0,56.0,83.0,60.0,85.0,55.0,13882,CHATTANOOGA,TN
194801-201812,81.0,63.0,80.0,59.0,79.0,54.0,80.0,51.0,84.0,55.0,85.0,57.0,87.0,59.0,90.0,58.0,90.0,57.0,89.0,54.0,85.0,57.0,83.0,63.0,84.0,57.0,13891,KNOXVILLE,TN
194801-201812,77.0,62.0,77.0,58.0,75.0,55.0,78.0,53.0,81.0,56.0,82.0,56.0,84.0,57.0,84.0,56.0,85.0,55.0,82.0,52.0,79.0,56.0,78.0,61.0,80.0,56.0,13893,MEMPHIS,TN
194801-201812,80.0,64.0,80.0,59.0,79.0,54.0,80.0,51.0,85.0,55.0,86.0,55.0,87.0,56.0,89.0,55.0,89.0,55.0,86.0,53.0,82.0,57.0,81.0,63.0,84.0,56.0,13897,NASHVILLE,TN
201501   -,,,,,,,,,,,,,,,,,,,,,,,,,,,03841,OAK RIDGE,TN
194807-201812,72.0,52.0,73.0,52.0,70.0,47.0,73.0,46.0,80.0,51.0,80.0,50.0,74.0,46.0,74.0,45.0,78.0,50.0,76.0,50.0,74.0,50.0,72.0,51.0,75.0,49.0,13962,ABILENE,TX
194807-201812,70.0,49.0,72.0,49.0,69.0,41.0,69.0,38.0,76.0,43.0,77.0,44.0,75.0,42.0,78.0,45.0,78.0,46.0,74.0,44.0,71.0,44.0,71.0,48.0,73.0,44.0,23047,AMARILLO,TX
194807-201812,79.0,59.0,80.0,59.0,80.0,56.0,83.0,56.0,87.0,59.0,89.0,55.0,88.0,50.0,86.0,49.0,85.0,53.0,84.0,54.0,82.0,57.0,79.0,58.0,83.0,55.0,13958,AUSTIN,TX
194807-201812,88.0,65.0,89.0,63.0,88.0,60.0,89.0,59.0,90.0,60.0,91.0,59.0,92.0,55.0,92.0,55.0,92.0,61.0,90.0,59.0,88.0,60.0,87.0,64.0,90.0,60.0,12919,BROWNSVILLE,TX
194807-201812,86.0,66.0,87.0,64.0,87.0,61.0,89.0,62.0,92.0,64.0,93.0,62.0,93.0,57.0,92.0,56.0,91.0,61.0,89.0,59.0,86.0,60.0,85.0,63.0,89.0,61.0,12924,CORPUS CHRISTI,TX
194807-201812,76.0,58.0,77.0,57.0,75.0,53.0,79.0,55.0,82.0,56.0,81.0,53.0,77.0,49.0,75.0,48.0,80.0,52.0,80.0,52.0,78.0,54.0,76.0,57.0,78.0,54.0,13960,DALLAS,TX
195105-201812,76.0,55.0,74.0,52.0,73.0,49.0,76.0,51.0,81.0,55.0,81.0,54.0,78.0,50.0,77.0,50.0,82.0,54.0,81.0,56.0,79.0,56.0,77.0,54.0,78.0,53.0,22010,DEL RIO,TX
194807-201812,58.0,34.0,50.0,27.0,41.0,20.0,35.0,16.0,35.0,16.0,39.0,18.0,56.0,29.0,59.0,31.0,58.0,31.0,55.0,30.0,54.0,31.0,58.0,37.0,50.0,27.0,23044,EL PASO,TX
194807-196309,85.0,74.0,86.0,75.0,83.0,71.0,85.0,72.0,83.0,70.0,82.0,69.0,82.0,68.0,82.0,67.0,82.0,67.0,80.0,64.0,81.0,66.0,83.0,71.0,83.0,69.0,12923,GALVESTON,TX
196906-201812,85.0,62.0,86.0,61.0,87.0,59.0,89.0,57.0,91.0,58.0,92.0,59.0,93.0,57.0,93.0,56.0,92.0,58.0,90.0,56.0,89.0,59.0,87.0,62.0,89.0,59.0,12960,HOUSTON,TX
194807-201812,72.0,48.0,72.0,47.0,68.0,40.0,68.0,37.0,75.0,42.0,77.0,44.0,74.0,46.0,77.0,48.0,80.0,51.0,78.0,46.0,74.0,45.0,72.0,47.0,74.0,45.0,23042,LUBBOCK,TX
194807-201812,71.0,46.0,71.0,44.0,66.0,36.0,66.0,34.0,73.0,37.0,75.0,41.0,72.0,42.0,73.0,42.0,78.0,48.0,77.0,45.0,74.0,43.0,72.0,45.0,72.0,42.0,23023,MIDLAND-ODESSA,TX
194807-201812,87.0,67.0,88.0,64.0,88.0,62.0,90.0,62.0,91.0,62.0,92.0,63.0,94.0,64.0,94.0,63.0,92.0,62.0,91.0,58.0,89.0,61.0,88.0,66.0,90.0,63.0,12917,PORT ARTHUR,TX
194807-201812,75.0,51.0,75.0,50.0,72.0,44.0,74.0,43.0,80.0,48.0,80.0,48.0,77.0,43.0,77.0,44.0,82.0,51.0,81.0,51.0,78.0,49.0,76.0,50.0,77.0,48.0,23034,SAN ANGELO,TX
194807-201812,79.0,57.0,80.0,57.0,80.0,55.0,83.0,56.0,87.0,59.0,87.0,56.0,87.0,52.0,86.0,50.0,85.0,54.0,84.0,54.0,81.0,55.0,79.0,56.0,83.0,55.0,12921,SAN ANTONIO,TX
195302-201812,87.0,64.0,87.0,62.0,88.0,59.0,89.0,59.0,92.0,60.0,93.0,59.0,93.0,56.0,93.0,55.0,92.0,59.0,91.0,56.0,88.0,59.0,87.0,62.0,90.0,59.0,12912,VICTORIA,TX
194807-201812,82.0,62.0,83.0,61.0,82.0,57.0,84.0,57.0,88.0,59.0,87.0,54.0,83.0,48.0,82.0,47.0,85.0,52.0,84.0,54.0,83.0,57.0,82.0,60.0,84.0,56.0,13959,WACO,TX
194807-201812,77.0,54.0,78.0,54.0,77.0,49.0,78.0,48.0,84.0,53.0,83.0,50.0,77.0,45.0,77.0,44.0,82.0,50.0,81.0,50.0,79.0,51.0,78.0,54.0,79.0,50.0,13966,WICHITA FALLS,TX
194801-201812,78.0,70.0,74.0,60.0,66.0,46.0,62.0,39.0,60.0,33.0,53.0,25.0,47.0,21.0,48.0,23.0,55.0,29.0,63.0,42.0,71.0,60.0,77.0,72.0,63.0,43.0,24127,SALT LAKE CITY,UT
194801-201812,74.0,64.0,73.0,61.0,74.0,57.0,72.0,51.0,71.0,51.0,75.0,54.0,77.0,53.0,81.0,55.0,83.0,59.0,81.0,60.0,77.0,64.0,77.0,67.0,76.0,58.0,14742,BURLINGTON,VT
194801-201812,74.0,53.0,73.0,50.0,72.0,48.0,72.0,45.0,80.0,53.0,81.0,54.0,84.0,56.0,87.0,57.0,87.0,57.0,85.0,52.0,79.0,51.0,76.0,54.0,79.0,52.0,13733,LYNCHBURG,VA
194801-201812,74.0,58.0,74.0,56.0,73.0,54.0,73.0,51.0,76.0,57.0,78.0,57.0,80.0,59.0,83.0,61.0,82.0,61.0,81.0,59.0,79.0,57.0,76.0,59.0,78.0,57.0,13737,NORFOLK,VA
194801-201812,78.0,55.0,78.0,51.0,76.0,48.0,75.0,46.0,79.0,52.0,80.0,53.0,83.0,55.0,87.0,57.0,88.0,56.0,88.0,53.0,83.0,51.0,80.0,55.0,81.0,53.0,13740,RICHMOND,VA
194801-201812,70.0,52.0,69.0,50.0,69.0,47.0,70.0,45.0,77.0,51.0,79.0,53.0,81.0,53.0,85.0,55.0,86.0,55.0,82.0,51.0,75.0,50.0,72.0,53.0,76.0,51.0,13741,ROANOKE,VA
196610-201812,77.0,62.0,76.0,60.0,75.0,60.0,75.0,59.0,78.0,64.0,80.0,65.0,82.0,66.0,84.0,66.0,84.0,65.0,83.0,61.0,80.0,60.0,78.0,62.0,79.0,62.0,93739,WALLOPS ISLAND,VA
194801-201812,91.0,81.0,90.0,71.0,88.0,63.0,86.0,57.0,85.0,53.0,86.0,53.0,85.0,48.0,86.0,49.0,88.0,54.0,91.0,69.0,91.0,81.0,91.0,85.0,88.0,64.0,24227,OLYMPIA,WA
196608-201812,90.0,84.0,88.0,76.0,89.0,74.0,88.0,69.0,88.0,68.0,89.0,69.0,89.0,67.0,89.0,68.0,89.0,69.0,90.0,77.0,91.0,84.0,90.0,86.0,89.0,74.0,94240,QUILLAYUTE,WA
194801-201812,83.0,76.0,81.0,69.0,82.0,64.0,82.0,58.0,81.0,54.0,80.0,53.0,79.0,48.0,81.0,50.0,84.0,56.0,86.0,69.0,84.0,76.0,83.0,79.0,82.0,63.0,24233,SEATTLE,WA
194801-201812,86.0,80.0,84.0,70.0,79.0,55.0,73.0,43.0,71.0,40.0,69.0,37.0,59.0,26.0,57.0,27.0,65.0,34.0,77.0,51.0,86.0,76.0,87.0,83.0,74.0,52.0,24157,SPOKANE,WA
194801-200106,81.0,77.0,79.0,67.0,74.0,52.0,71.0,43.0,72.0,42.0,68.0,35.0,56.0,25.0,57.0,28.0,61.0,33.0,73.0,50.0,80.0,72.0,82.0,79.0,71.0,50.0,24160,WALLA WALLA,WA
194801-201812,83.0,72.0,79.0,57.0,72.0,42.0,66.0,34.0,64.0,31.0,63.0,30.0,61.0,25.0,63.0,27.0,69.0,32.0,75.0,44.0,81.0,63.0,84.0,76.0,72.0,44.0,24243,YAKIMA,WA
196305-201812,79.0,66.0,78.0,63.0,77.0,57.0,73.0,51.0,80.0,55.0,84.0,60.0,88.0,62.0,89.0,62.0,89.0,62.0,85.0,57.0,79.0,59.0,79.0,65.0,82.0,60.0,03872,BECKLEY,WV
194902-201812,78.0,62.0,77.0,59.0,76.0,53.0,75.0,47.0,83.0,52.0,86.0,55.0,89.0,58.0,92.0,58.0,92.0,56.0,88.0,54.0,81.0,55.0,79.0,62.0,83.0,56.0,13866,CHARLESTON,WV
194801-201812,80.0,64.0,81.0,61.0,82.0,55.0,81.0,50.0,86.0,54.0,90.0,58.0,92.0,60.0,94.0,60.0,94.0,59.0,90.0,54.0,84.0,58.0,82.0,65.0,86.0,58.0,13729,ELKINS,WV
196112-201812,78.0,64.0,77.0,60.0,76.0,54.0,75.0,48.0,84.0,54.0,86.0,57.0,89.0,59.0,91.0,59.0,91.0,58.0,87.0,54.0,80.0,57.0,79.0,64.0,83.0,57.0,03860,HUNTINGTON,WV
194909-201812,78.0,70.0,79.0,68.0,81.0,65.0,79.0,57.0,79.0,55.0,82.0,58.0,86.0,58.0,90.0,61.0,90.0,61.0,86.0,61.0,82.0,67.0,81.0,72.0,83.0,63.0,14898,GREEN BAY,WI
194801-201812,78.0,68.0,79.0,65.0,80.0,60.0,78.0,52.0,79.0,52.0,83.0,55.0,87.0,57.0,90.0,59.0,89.0,60.0,83.0,58.0,81.0,65.0,81.0,71.0,82.0,60.0,14920,LA CROSSE,WI
194801-201812,79.0,69.0,80.0,66.0,81.0,61.0,80.0,53.0,80.0,54.0,82.0,56.0,85.0,56.0,89.0,59.0,90.0,58.0,85.0,58.0,83.0,65.0,82.0,71.0,83.0,60.0,14837,MADISON,WI
194801-201812,76.0,68.0,77.0,66.0,78.0,63.0,77.0,59.0,77.0,60.0,79.0,60.0,81.0,60.0,85.0,62.0,84.0,61.0,81.0,60.0,79.0,65.0,79.0,70.0,79.0,63.0,14839,MILWAUKEE,WI
195003-201812,65.0,61.0,67.0,58.0,67.0,48.0,69.0,43.0,71.0,40.0,66.0,32.0,61.0,26.0,58.0,25.0,60.0,31.0,62.0,43.0,64.0,56.0,65.0,62.0,65.0,44.0,24089,CASPER,WY
194801-201812,55.0,51.0,59.0,50.0,61.0,46.0,64.0,44.0,68.0,46.0,65.0,41.0,63.0,38.0,63.0,39.0,60.0,39.0,58.0,43.0,57.0,51.0,56.0,53.0,61.0,45.0,24018,CHEYENNE,WY
194801-201812,67.0,60.0,66.0,55.0,62.0,45.0,61.0,40.0,62.0,38.0,56.0,31.0,49.0,27.0,49.0,26.0,54.0,32.0,60.0,42.0,65.0,56.0,67.0,62.0,60.0,43.0,24021,LANDER,WY
194801-201812,69.0,66.0,71.0,62.0,70.0,53.0,70.0,47.0,72.0,48.0,73.0,46.0,65.0,34.0,62.0,32.0,65.0,40.0,67.0,50.0,70.0,64.0,70.0,67.0,69.0,51.0,24029,SHERIDAN,WY
196801-201812,81.0,73.0,78.0,71.0,77.0,69.0,79.0,70.0,80.0,72.0,80.0,73.0,85.0,77.0,87.0,79.0,87.0,80.0,87.0,79.0,83.0,77.0,80.0,76.0,82.0,75.0,41415,GUAM,PC
195107-201807,79.0,76.0,79.0,74.0,77.0,73.0,77.0,74.0,78.0,77.0,80.0,78.0,80.0,78.0,79.0,77.0,78.0,76.0,78.0,76.0,78.0,77.0,79.0,77.0,79.0,76.0,40309,KOROR,PC
195505-201812,81.0,65.0,79.0,63.0,76.0,61.0,75.0,63.0,77.0,67.0,77.0,66.0,78.0,67.0,79.0,68.0,79.0,68.0,79.0,68.0,80.0,68.0,81.0,67.0,78.0,66.0,11641,SAN JUAN,PR
